"Latitude","Longitude","Year","Hour","JulianDay","Radiation_W_m2","AirTemp_C","pCO2_uatm","DailyRain_mm","WaterTemp_C"
71.294626,-156.702102,2013,13,216,-9999,2.7,836.49,6.57,8.59
71.294626,-156.702102,2013,14,216,14.98,2.9,1058.5,6.57,9.21
71.294626,-156.702102,2013,15,216,31.13,3.1,1148.48,6.57,9.67
71.294626,-156.702102,2013,16,216,103.77,3.4,1185.2,6.57,10.11
71.294626,-156.702102,2013,17,216,100.78,3.6,1206.94,6.57,10.53
71.294626,-156.702102,2013,18,216,187.13,4.1,1188.12,6.57,10.7
71.294626,-156.702102,2013,19,216,317.95,5,1170.16,6.57,10.61
71.294626,-156.702102,2013,20,216,334.9,5.4,1205.1,6.57,10.51
71.294626,-156.702102,2013,21,216,296.98,5.2,1212.77,6.57,10.31
71.294626,-156.702102,2013,22,216,314.61,5,1148.25,6.57,10.01
71.294626,-156.702102,2013,23,216,301.21,5,1072.01,6.57,9.61
71.294626,-156.702102,2013,0,217,289.42,5.1,1027.57,0.5,9.17
71.294626,-156.702102,2013,1,217,252.44,4.8,1002.79,0.5,8.79
71.294626,-156.702102,2013,2,217,179.53,4.4,992.68,0.5,8.4
71.294626,-156.702102,2013,3,217,91.26,4.1,1010.64,0.5,8.01
71.294626,-156.702102,2013,4,217,85.94,3.9,1024.18,0.5,7.64
71.294626,-156.702102,2013,5,217,43.07,3.7,1045.2,0.5,7.3
71.294626,-156.702102,2013,6,217,28.23,3.4,1041.17,0.5,6.96
71.294626,-156.702102,2013,7,217,4.8,2.9,1041.19,0.5,6.69
71.294626,-156.702102,2013,8,217,-9999,2.7,1043.29,0.5,6.5
71.294626,-156.702102,2013,9,217,-9999,2.7,1056.27,0.5,6.34
71.294626,-156.702102,2013,10,217,-9999,2.6,1082.66,0.5,6.3
71.294626,-156.702102,2013,11,217,-9999,2.6,1091.47,0.5,6.36
71.294626,-156.702102,2013,10,218,-9999,-9999,703.17,0,3.87
71.294626,-156.702102,2013,11,218,-9999,-9999,786.36,0,3.83
71.294626,-156.702102,2013,12,218,3.3,-9999,781.66,0,3.89
71.294626,-156.702102,2013,13,218,14.66,-9999,733.07,0,4.1
71.294626,-156.702102,2013,14,218,27.4,-9999,695.46,0,4.46
71.294626,-156.702102,2013,15,218,41.77,-9999,661.53,0,4.86
71.294626,-156.702102,2013,16,218,63.09,-9999,636.08,0,5.18
71.294626,-156.702102,2013,17,218,83.12,-9999,606.57,0,5.5
71.294626,-156.702102,2013,18,218,80.65,-9999,566.29,0,5.81
71.294626,-156.702102,2013,19,218,111.26,-9999,533.77,0,5.93
71.294626,-156.702102,2013,20,218,154.25,-9999,507.71,0,5.92
71.294626,-156.702102,2013,21,218,210.49,-9999,485.83,0,5.76
71.294626,-156.702102,2013,22,218,245.51,-9999,467.29,0,5.57
71.294626,-156.702102,2013,23,218,248.27,-9999,466.33,0,5.4
71.294626,-156.702102,2013,0,219,202.55,-9999,482.21,0,5.24
71.294626,-156.702102,2013,1,219,243,-9999,498.48,0,5.08
71.294626,-156.702102,2013,2,219,190.97,-9999,522.83,0,4.94
71.294626,-156.702102,2013,3,219,137.89,-9999,552.68,0,4.82
71.294626,-156.702102,2013,4,219,94.05,-9999,579.31,0,4.71
71.294626,-156.702102,2013,5,219,41.48,-9999,606.25,0,4.6
71.294626,-156.702102,2013,6,219,21.26,-9999,632,0,4.55
71.294626,-156.702102,2013,7,219,7.95,-9999,658.21,0,4.51
71.294626,-156.702102,2013,8,219,0.96,-9999,673.61,0,4.6
71.294626,-156.702102,2013,9,219,-9999,-9999,690.83,0,4.76
71.294626,-156.702102,2013,10,219,-9999,-9999,707.1,0,4.94
71.294626,-156.702102,2013,11,219,-9999,-9999,715.09,0,5.06
71.294626,-156.702102,2013,12,219,0.92,-9999,718.95,0,5.3
71.294626,-156.702102,2013,13,219,8.66,-9999,738.36,0,5.92
71.294626,-156.702102,2013,14,219,20.47,-9999,760,0,6.84
71.294626,-156.702102,2013,15,219,61.31,-9999,804.89,0,7.76
71.294626,-156.702102,2013,16,219,73.54,-9999,834.27,0,8.59
71.294626,-156.702102,2013,17,219,114.46,-9999,862.61,0,9.26
71.294626,-156.702102,2013,18,219,100.2,-9999,902.45,0,9.87
71.294626,-156.702102,2013,19,219,111.57,-9999,888.7,0,10.03
71.294626,-156.702102,2013,20,219,200.68,-9999,852.85,0,9.83
71.294626,-156.702102,2013,21,219,523.09,-9999,833.57,0,9.61
71.294626,-156.702102,2013,22,219,501.67,-9999,799.33,0,9.38
71.294626,-156.702102,2013,23,219,503.07,-9999,883.3,0,9.06
71.294626,-156.702102,2013,0,220,444.05,-9999,859.6,0,8.65
71.294626,-156.702102,2013,1,220,357.68,-9999,857.79,0,8.18
71.294626,-156.702102,2013,2,220,282.7,-9999,861.39,0,7.78
71.294626,-156.702102,2013,3,220,175.82,-9999,884.56,0,7.33
71.294626,-156.702102,2013,4,220,82.71,-9999,900.61,0,6.98
71.294626,-156.702102,2013,5,220,49.1,-9999,910.38,0,6.71
71.294626,-156.702102,2013,6,220,32.02,-9999,935.41,0,6.36
71.294626,-156.702102,2013,7,220,9.3,-9999,959.32,0,6.17
71.294626,-156.702102,2013,8,220,0.91,-9999,978.28,0,5.97
71.294626,-156.702102,2013,9,220,-9999,-9999,987.49,0,6.53
71.294626,-156.702102,2013,10,220,-9999,-9999,990.93,0,10.23
71.294626,-156.702102,2013,15,220,38.07,-9999,789.05,0,7.03
71.294626,-156.702102,2013,16,220,75.59,-9999,766.36,0,7.05
71.294626,-156.702102,2013,17,220,129.28,-9999,709.87,0,7.12
71.294626,-156.702102,2013,18,220,164.43,-9999,670.24,0,7.07
71.294626,-156.702102,2013,19,220,189.8,-9999,644.61,0,6.96
71.294626,-156.702102,2013,20,220,199.89,-9999,623.49,0,6.83
71.294626,-156.702102,2013,21,220,277.94,-9999,612.56,0,6.58
71.294626,-156.702102,2013,22,220,284.17,-9999,607.42,0,6.34
71.294626,-156.702102,2013,23,220,170.87,-9999,608.21,0,6.11
71.294626,-156.702102,2013,0,221,190.86,-9999,619.5,1.26,5.8
71.294626,-156.702102,2013,1,221,193.18,-9999,636.37,1.26,5.5
71.294626,-156.702102,2013,2,221,146.83,-9999,654.86,1.26,5.19
71.294626,-156.702102,2013,3,221,107.48,-9999,676.88,1.26,4.92
71.294626,-156.702102,2013,4,221,46.35,-9999,690.08,1.26,4.64
71.294626,-156.702102,2013,5,221,26.17,-9999,705.06,1.26,4.46
71.294626,-156.702102,2013,6,221,8.96,-9999,721.16,1.26,4.34
71.294626,-156.702102,2013,7,221,2.55,-9999,751.82,1.26,4.29
71.294626,-156.702102,2013,8,221,-9999,-9999,782.3,1.26,4.27
71.294626,-156.702102,2013,9,221,-9999,-9999,795.22,1.26,4.27
71.294626,-156.702102,2013,10,221,-9999,-9999,793.5,1.26,4.39
71.294626,-156.702102,2013,11,221,-9999,-9999,801.19,1.26,4.59
71.294626,-156.702102,2013,12,221,-9999,-9999,802.95,1.26,4.84
71.294626,-156.702102,2013,13,221,1.81,-9999,817.27,1.26,5.17
71.294626,-156.702102,2013,14,221,12.92,-9999,826.78,1.26,5.61
71.294626,-156.702102,2013,15,221,37.05,-9999,832.44,1.26,6.04
71.294626,-156.702102,2013,16,221,63.19,-9999,837.66,1.26,6.51
71.294626,-156.702102,2013,17,221,-9999,-9999,852.56,1.26,6.98
71.294626,-156.702102,2013,18,221,135.93,-9999,871.47,1.26,7.15
71.294626,-156.702102,2013,19,221,152.5,2.5,863.89,1.26,7.1
71.294626,-156.702102,2013,20,221,174.96,2.6,841.76,1.26,6.95
71.294626,-156.702102,2013,21,221,275.99,2.8,809.11,1.26,6.78
71.294626,-156.702102,2013,22,221,293.62,2.9,787.75,1.26,6.57
71.294626,-156.702102,2013,23,221,232.02,2.8,795.34,1.26,6.22
71.294626,-156.702102,2013,0,222,304.5,2.9,802.44,9.55,5.95
71.294626,-156.702102,2013,1,222,191.45,2.8,800.39,9.55,5.68
71.294626,-156.702102,2013,2,222,111.83,2.7,817.46,9.55,5.52
71.294626,-156.702102,2013,3,222,45.72,2.5,831.4,9.55,5.14
71.294626,-156.702102,2013,4,222,46.62,2.5,845.79,9.55,4.85
71.294626,-156.702102,2013,5,222,29.99,2.5,837.52,9.55,4.59
71.294626,-156.702102,2013,6,222,8.19,2.3,826.85,9.55,4.39
71.294626,-156.702102,2013,7,222,3.38,2.3,803.91,9.55,4.26
71.294626,-156.702102,2013,8,222,-9999,2.2,791.49,9.55,4.13
71.294626,-156.702102,2013,9,222,-9999,2.3,803.69,9.55,4.01
71.294626,-156.702102,2013,10,222,-9999,2.2,804.41,9.55,3.9
71.294626,-156.702102,2013,11,222,-9999,2.2,776.93,9.55,3.85
71.294626,-156.702102,2013,12,222,-9999,2.2,763.46,9.55,3.83
71.294626,-156.702102,2013,13,222,-9999,2.2,754.36,9.55,3.95
71.294626,-156.702102,2013,14,222,3.61,2.4,755.45,9.55,4.25
71.294626,-156.702102,2013,15,222,9.3,2.4,754.68,9.55,4.83
71.294626,-156.702102,2013,16,222,9.42,2.2,774.59,9.55,5.81
71.294626,-156.702102,2013,17,222,31.63,2.2,817.96,9.55,6.17
71.294626,-156.702102,2013,18,222,26.17,2.2,824.21,9.55,6.57
71.294626,-156.702102,2013,19,222,35.45,2.2,839.8,9.55,6.98
71.294626,-156.702102,2013,20,222,93.13,2.4,836.87,9.55,7.23
71.294626,-156.702102,2013,21,222,144.55,2.6,835.46,9.55,7.38
71.294626,-156.702102,2013,22,222,224.86,3,807.27,9.55,7.26
71.294626,-156.702102,2013,23,222,449.29,3.6,786.9,9.55,7.07
71.294626,-156.702102,2013,0,223,337.71,4,780.83,0,6.83
71.294626,-156.702102,2013,1,223,236.17,4,786.24,0,6.56
71.294626,-156.702102,2013,2,223,190.83,3.9,802.46,0,6.25
71.294626,-156.702102,2013,3,223,150.77,4,831.14,0,5.92
71.294626,-156.702102,2013,4,223,106.49,3.5,876.47,0,5.59
71.294626,-156.702102,2013,5,223,45.32,3.4,930.27,0,5.34
71.294626,-156.702102,2013,6,223,33.1,3.5,956.54,0,5.15
71.294626,-156.702102,2013,7,223,7.63,3.3,942.05,0,5.17
71.294626,-156.702102,2013,8,223,-9999,3,942.96,0,5.44
71.294626,-156.702102,2013,9,223,-9999,3.5,1027.57,0,5.76
71.294626,-156.702102,2013,10,223,-9999,3.8,1113.93,0,6.56
71.294626,-156.702102,2013,11,223,-9999,4.1,1249.45,0,7.36
71.294626,-156.702102,2013,12,223,-9999,4.7,1342.2,0,7.78
71.294626,-156.702102,2013,13,223,5.83,5.3,1436.49,0,8.22
71.294626,-156.702102,2013,14,223,-9999,6.3,1429.27,0,8.71
71.294626,-156.702102,2013,15,223,-9999,7.5,1402.85,0,9.34
71.294626,-156.702102,2013,16,223,166.98,9.9,1442.78,0,10.07
71.294626,-156.702102,2013,17,223,163.1,10.1,1519.35,0,10.59
71.294626,-156.702102,2013,18,223,249.29,10.2,1582.7,0,10.96
71.294626,-156.702102,2013,19,223,368.96,10.6,1647.85,0,11.22
71.294626,-156.702102,2013,20,223,505.19,12.7,1705.02,0,11.56
71.294626,-156.702102,2013,21,223,537.28,12.3,1736.95,0,11.59
71.294626,-156.702102,2013,22,223,539.98,11.6,1716.69,0,11.58
71.294626,-156.702102,2013,23,223,539.42,12.9,1739.09,0,11.58
71.294626,-156.702102,2013,0,224,502.17,12.8,1852.13,0.25,11.28
71.294626,-156.702102,2013,1,224,454.93,12.8,2001.46,0.25,11.47
71.294626,-156.702102,2013,2,224,394.27,11.1,1880.33,0.25,11.61
71.294626,-156.702102,2013,3,224,256.18,10.4,1719.4,0.25,11.07
71.294626,-156.702102,2013,4,224,164.08,10.2,1861.81,0.25,10.81
71.294626,-156.702102,2013,5,224,65.26,9.6,1939.85,0.25,10.63
71.294626,-156.702102,2013,6,224,19.18,9,1803.86,0.25,10.28
71.294626,-156.702102,2013,7,224,2.79,8.9,1954.2,0.25,10.22
71.294626,-156.702102,2013,8,224,-9999,8.9,2250.27,0.25,10.35
71.294626,-156.702102,2013,9,224,-9999,8.7,2222.11,0.25,10.43
71.294626,-156.702102,2013,10,224,-9999,8.4,2033.21,0.25,10.29
71.294626,-156.702102,2013,11,224,-9999,8.1,1906.54,0.25,10.09
71.294626,-156.702102,2013,12,224,-9999,8.1,1822.98,0.25,10.1
71.294626,-156.702102,2013,13,224,5.37,8.1,1817.23,0.25,10.64
71.294626,-156.702102,2013,14,224,43.01,8.1,1806.21,0.25,11.43
71.294626,-156.702102,2013,15,224,126.88,7.9,1858.62,0.25,11.71
71.294626,-156.702102,2013,16,224,197.83,6.8,1914.35,0.25,12.01
71.294626,-156.702102,2013,17,224,110.27,5.9,2035.58,0.25,12.49
71.294626,-156.702102,2013,18,224,76,5.5,2092.36,0.25,12.83
71.294626,-156.702102,2013,19,224,117.69,5.8,2131.58,0.25,13
71.294626,-156.702102,2013,20,224,225.51,6.7,2193.05,0.25,12.94
71.294626,-156.702102,2013,21,224,289.75,7.8,2402.1,0.25,13.14
71.294626,-156.702102,2013,22,224,289.09,8.4,2445.75,0.25,13.46
71.294626,-156.702102,2013,23,224,431.17,8.4,2335.91,0.25,12.86
71.294626,-156.702102,2013,0,225,421.41,8.3,2241.39,0.25,12.36
71.294626,-156.702102,2013,1,225,389.15,8,2095.18,0.25,11.94
71.294626,-156.702102,2013,2,225,270.68,8.4,2105.94,0.25,11.64
71.294626,-156.702102,2013,3,225,243.28,9.2,2152.93,0.25,11.35
71.294626,-156.702102,2013,4,225,96.89,8.2,2196.02,0.25,11.04
71.294626,-156.702102,2013,5,225,61.55,7,2217.42,0.25,10.59
71.294626,-156.702102,2013,6,225,19.74,5.7,2309.88,0.25,10.29
71.294626,-156.702102,2013,7,225,3.43,6,2249.17,0.25,10.01
71.294626,-156.702102,2013,8,225,-9999,6.5,2253.12,0.25,9.76
71.294626,-156.702102,2013,9,225,-9999,6.7,2273.63,0.25,9.61
71.294626,-156.702102,2013,10,225,-9999,7,2279.83,0.25,9.76
71.294626,-156.702102,2013,11,225,-9999,6.9,2213.19,0.25,10.02
71.294626,-156.702102,2013,12,225,-9999,6.5,2169.58,0.25,10.35
71.294626,-156.702102,2013,13,225,0.62,5.7,2057.4,0.25,10.79
71.294626,-156.702102,2013,14,225,14.24,5.5,1995.67,0.25,11.23
71.294626,-156.702102,2013,15,225,34.58,5.5,1994.44,0.25,11.62
71.294626,-156.702102,2013,16,225,56.39,5.3,2001.4,0.25,11.77
71.294626,-156.702102,2013,17,225,158.12,4.8,1964.29,0.25,11.9
71.294626,-156.702102,2013,18,225,323.15,4.8,1934.3,0.25,12.02
71.294626,-156.702102,2013,19,225,276.84,4.8,1914.7,0.25,12.11
71.294626,-156.702102,2013,20,225,320.3,4.7,1877.23,0.25,11.92
71.294626,-156.702102,2013,21,225,424.18,4.7,1806.76,0.25,11.56
71.294626,-156.702102,2013,22,225,436.74,4.6,1713.43,0.25,11.07
71.294626,-156.702102,2013,23,225,289.58,4.5,1646.29,0.25,10.56
71.294626,-156.702102,2013,0,226,233.47,4.6,1610.41,0,10.1
71.294626,-156.702102,2013,1,226,357.65,4.9,1621.88,0,9.61
71.294626,-156.702102,2013,2,226,340.34,4.9,1637.76,0,9.06
71.294626,-156.702102,2013,3,226,270.6,4.6,1690.76,0,8.71
71.294626,-156.702102,2013,4,226,105.29,3.9,1732.6,0,8.42
71.294626,-156.702102,2013,5,226,51.69,3.2,1723.44,0,8.11
71.294626,-156.702102,2013,6,226,20.47,2.8,1766.04,0,7.84
71.294626,-156.702102,2013,7,226,3.94,2.6,1751.36,0,7.62
71.294626,-156.702102,2013,8,226,-9999,2.3,1716.46,0,7.44
71.294626,-156.702102,2013,9,226,-9999,2.3,1685.88,0,7.37
71.294626,-156.702102,2013,10,226,0,2.5,1681.86,0,7.35
71.294626,-156.702102,2013,11,226,-9999,2.7,1658.78,0,7.39
71.294626,-156.702102,2013,12,226,-9999,2.4,1659.27,0,7.56
71.294626,-156.702102,2013,13,226,3.46,1.7,1664.16,0,7.89
71.294626,-156.702102,2013,14,226,24.15,1.6,1657.28,0,8.19
71.294626,-156.702102,2013,15,226,42.68,1.7,1713.74,0,-9999
71.294626,-156.702102,2015,0,213,102.5,9.7,733.31,0,8.35
71.294626,-156.702102,2015,1,213,74.71,8.3,764.18,0,7.97
71.294626,-156.702102,2015,2,213,57.32,7.3,772.3,0,7.55
71.294626,-156.702102,2015,3,213,64.69,6.9,767.61,0,7.08
71.294626,-156.702102,2015,4,213,66.33,6.8,766.15,0,6.62
71.294626,-156.702102,2015,5,213,46.68,6.5,748.58,0,6.22
71.294626,-156.702102,2015,6,213,25.04,6,745.09,0,5.91
71.294626,-156.702102,2015,7,213,12.46,5.3,729.72,0,5.69
71.294626,-156.702102,2015,8,213,2.53,4,732.32,0,5.63
71.294626,-156.702102,2015,9,213,3,3.3,728.45,0,5.72
71.294626,-156.702102,2015,10,213,1.23,2,726.99,0,5.91
71.294626,-156.702102,2015,11,213,0.95,1.8,732.99,0,6.31
71.294626,-156.702102,2015,12,213,3.86,1.5,757.69,0,6.92
71.294626,-156.702102,2015,13,213,14.17,1.3,794.59,0,7.83
71.294626,-156.702102,2015,14,213,43.66,1.1,842.87,0,8.75
71.294626,-156.702102,2015,15,213,101.45,1.2,870.17,0,9.46
71.294626,-156.702102,2015,16,213,157.15,1.6,879.2,0,9.87
71.294626,-156.702102,2015,17,213,170.81,1.8,875.03,0,10.25
71.294626,-156.702102,2015,18,213,238.73,2.1,866.29,0,10.3
71.294626,-156.702102,2015,19,213,292.54,2.4,846.96,0,10.1
71.294626,-156.702102,2015,20,213,423.71,2.9,830.14,0,9.85
71.294626,-156.702102,2015,21,213,465.39,3.3,811.19,0,9.59
71.294626,-156.702102,2015,22,213,486.49,3.2,789.14,0,9.24
71.294626,-156.702102,2015,23,213,394.78,3.1,776.36,0,8.86
71.294626,-156.702102,2015,0,214,388.45,3.2,765.87,3,8.5
71.294626,-156.702102,2015,1,214,338.7,3,762.83,3,8.15
71.294626,-156.702102,2015,2,214,252.2,2.7,779.72,3,7.86
71.294626,-156.702102,2015,3,214,116.54,2.5,823.31,3,7.56
71.294626,-156.702102,2015,4,214,132.66,2.5,853.54,3,7.32
71.294626,-156.702102,2015,5,214,101.48,2.4,893.34,3,7.09
71.294626,-156.702102,2015,6,214,46.22,2.1,964.1,3,6.9
71.294626,-156.702102,2015,7,214,23,2,1006.45,3,6.75
71.294626,-156.702102,2015,8,214,7.23,1.7,946.45,3,6.64
71.294626,-156.702102,2015,9,214,0.85,1.1,923.61,3,6.61
71.294626,-156.702102,2015,10,214,-9999,1.4,999.33,3,6.66
71.294626,-156.702102,2015,11,214,0.31,1.4,1012.02,3,6.79
71.294626,-156.702102,2015,12,214,1.73,1.8,1028.94,3,7
71.294626,-156.702102,2015,13,214,6.95,2.2,1084.72,3,7.22
71.294626,-156.702102,2015,14,214,19.48,3,1081.53,3,7.44
71.294626,-156.702102,2015,15,214,30.51,4.2,1072,3,7.64
71.294626,-156.702102,2015,16,214,36.14,4.7,978.89,3,7.92
71.294626,-156.702102,2015,17,214,59.11,5.5,910.29,3,7.99
71.294626,-156.702102,2015,18,214,79.14,6.2,847.76,3,7.91
71.294626,-156.702102,2015,19,214,94.31,6.8,789.59,3,7.87
71.294626,-156.702102,2015,20,214,86.42,7.8,749.25,3,7.79
71.294626,-156.702102,2015,21,214,87.09,8.5,727.46,3,7.71
71.294626,-156.702102,2015,22,214,55.92,8.9,704.12,3,7.62
71.294626,-156.702102,2015,23,214,34.03,9.8,695.9,3,7.49
71.294626,-156.702102,2015,0,215,35.75,9.9,695.03,3.25,7.36
71.294626,-156.702102,2015,1,215,25.44,8.1,686.14,3.25,7.24
71.294626,-156.702102,2015,2,215,46.57,8,674.94,3.25,7.11
71.294626,-156.702102,2015,3,215,34.9,8,670.58,3.25,6.95
71.294626,-156.702102,2015,4,215,31.09,7.9,668.83,3.25,6.8
71.294626,-156.702102,2015,5,215,18.24,7.7,666.46,3.25,6.66
71.294626,-156.702102,2015,6,215,10.93,7.2,667.21,3.25,6.55
71.294626,-156.702102,2015,7,215,4.73,7.1,670.56,3.25,6.45
71.294626,-156.702102,2015,8,215,-9999,7.1,662.01,3.25,6.4
71.294626,-156.702102,2015,9,215,-9999,7.1,657.32,3.25,6.43
71.294626,-156.702102,2015,10,215,-9999,6.5,651.53,3.25,6.55
71.294626,-156.702102,2015,11,215,-9999,6.3,652.95,3.25,6.79
71.294626,-156.702102,2015,12,215,-9999,6.2,653.52,3.25,7.03
71.294626,-156.702102,2015,13,215,3.64,6,738.29,3.25,7.32
71.294626,-156.702102,2015,14,215,12.11,5.8,784.69,3.25,7.69
71.294626,-156.702102,2015,15,215,25.14,5.7,754.2,3.25,7.98
71.294626,-156.702102,2015,16,215,41.66,5.8,726.87,3.25,8.34
71.294626,-156.702102,2015,17,215,81.85,6,698.67,3.25,8.59
71.294626,-156.702102,2015,18,215,104.68,6.4,671.2,3.25,8.66
71.294626,-156.702102,2015,19,215,126.72,7,662.49,3.25,8.63
71.294626,-156.702102,2015,20,215,101.81,7.1,645.51,3.25,8.42
71.294626,-156.702102,2015,21,215,146.18,7.7,621.49,3.25,8.09
71.294626,-156.702102,2015,22,215,163.18,7.8,596.86,3.25,7.67
71.294626,-156.702102,2015,23,215,210.05,6.8,593.67,3.25,7.19
71.294626,-156.702102,2015,0,216,207.02,6.8,596.43,0,6.65
71.294626,-156.702102,2015,1,216,196.66,6.7,596.67,0,6.19
71.294626,-156.702102,2015,2,216,142.79,6.1,596.98,0,5.78
71.294626,-156.702102,2015,3,216,100.51,5.8,606.98,0,5.44
71.294626,-156.702102,2015,4,216,87.6,5.3,616.96,0,5.14
71.294626,-156.702102,2015,5,216,50.56,4.9,626.57,0,4.91
71.294626,-156.702102,2015,6,216,45.56,5,639.96,0,4.72
71.294626,-156.702102,2015,7,216,8.83,4.4,660.5,0,4.61
71.294626,-156.702102,2015,8,216,0.58,3.7,665.66,0,4.62
71.294626,-156.702102,2015,9,216,-9999,3.5,664.05,0,4.77
71.294626,-156.702102,2015,10,216,-9999,3.1,662.48,0,5
71.294626,-156.702102,2015,11,216,-9999,2.6,662.09,0,5.43
71.294626,-156.702102,2015,12,216,1.9,2.6,654.26,0,6.02
71.294626,-156.702102,2015,13,216,13.62,2.5,667.85,0,7.05
71.294626,-156.702102,2015,14,216,22.75,2.6,700.46,0,7.96
71.294626,-156.702102,2015,15,216,39.95,3,724.83,0,8.58
71.294626,-156.702102,2015,16,216,92.93,3.1,729.19,0,8.93
71.294626,-156.702102,2015,17,216,146.79,3.1,745.94,0,9.12
71.294626,-156.702102,2015,18,216,220.79,3.5,804.31,0,9.24
71.294626,-156.702102,2015,19,216,345.57,4.1,798.97,0,9.36
71.294626,-156.702102,2015,20,216,326.6,4,804.8,0,9.24
71.294626,-156.702102,2015,21,216,345.77,4.3,836.39,0,9.08
71.294626,-156.702102,2015,22,216,400.68,4.7,865.84,0,8.74
71.294626,-156.702102,2015,23,216,403.27,5,923.65,0,8.45
71.294626,-156.702102,2015,0,217,278.14,4.8,920.83,0,8.1
71.294626,-156.702102,2015,1,217,262.47,4.7,871.64,0,7.71
71.294626,-156.702102,2015,2,217,257.42,4.6,905.24,0,7.38
71.294626,-156.702102,2015,3,217,209.7,4.3,914.72,0,7.07
71.294626,-156.702102,2015,4,217,177.4,4,909.02,0,6.82
71.294626,-156.702102,2015,5,217,125.91,3.9,879.22,0,6.58
71.294626,-156.702102,2015,6,217,99.08,3.8,889.43,0,6.41
71.294626,-156.702102,2015,7,217,34.51,3.4,902.39,0,6.31
71.294626,-156.702102,2015,8,217,6.46,3.1,909.95,0,6.19
71.294626,-156.702102,2015,9,217,0.91,2.8,907.17,0,6.19
71.294626,-156.702102,2015,10,217,-9999,3,888.85,0,6.31
71.294626,-156.702102,2015,11,217,0.45,2.9,906.78,0,6.75
71.294626,-156.702102,2015,12,217,2.61,3.1,904.34,0,7.53
71.294626,-156.702102,2015,13,217,17.49,3.3,960.48,0,8.08
71.294626,-156.702102,2015,14,217,20.79,3.4,1023.63,0,8.45
71.294626,-156.702102,2015,15,217,37.86,2.9,1051.19,0,8.91
71.294626,-156.702102,2015,16,217,96.87,2.4,1049.12,0,9.45
71.294626,-156.702102,2015,17,217,142.25,2.5,1082.88,0,10.01
71.294626,-156.702102,2015,18,217,276.9,2.3,1128.08,0,10.41
71.294626,-156.702102,2015,19,217,446.76,2.8,1172.18,0,10.59
71.294626,-156.702102,2015,20,217,417.78,2.9,1194.78,0,10.61
71.294626,-156.702102,2015,21,217,383.71,3,1242.14,0,10.49
71.294626,-156.702102,2015,22,217,423.51,3.2,1319.24,0,10.11
71.294626,-156.702102,2015,23,217,497.24,3.5,1407.88,0,9.74
71.294626,-156.702102,2015,0,218,348.66,3.6,1393.61,0,9.24
71.294626,-156.702102,2015,1,218,412.71,3.8,1395.48,0,8.86
71.294626,-156.702102,2015,2,218,362.46,3.7,1445.92,0,8.53
71.294626,-156.702102,2015,3,218,228.27,3.3,1440.73,0,8.21
71.294626,-156.702102,2015,4,218,198.01,3.4,1471.32,0,7.92
71.294626,-156.702102,2015,5,218,141.61,3.2,1484.24,0,7.65
71.294626,-156.702102,2015,6,218,40.24,2.8,1456.64,0,7.36
71.294626,-156.702102,2015,7,218,19.31,2.4,1377.78,0,6.96
71.294626,-156.702102,2015,8,218,3.6,2.1,1275.77,0,6.63
71.294626,-156.702102,2015,9,218,0.19,1.9,1278.49,0,6.48
71.294626,-156.702102,2015,10,218,-9999,1.8,1255.02,0,6.46
71.294626,-156.702102,2015,11,218,-9999,1.6,1229.57,0,6.56
71.294626,-156.702102,2015,12,218,3.35,1.4,1184.92,0,6.99
71.294626,-156.702102,2015,13,218,18.03,1.2,1159.37,0,7.35
71.294626,-156.702102,2015,14,218,44.81,0.8,1141.35,0,7.82
71.294626,-156.702102,2015,15,218,56.92,0.9,1121.46,0,8.4
71.294626,-156.702102,2015,16,218,81.1,1,1108.68,0,8.81
71.294626,-156.702102,2015,17,218,132.67,1.2,1096.22,0,9.1
71.294626,-156.702102,2015,18,218,142.87,1.7,1057.81,0,9.07
71.294626,-156.702102,2015,19,218,266.79,2,1014.46,0,9.06
71.294626,-156.702102,2015,20,218,303.53,2.6,977.55,0,9.07
71.294626,-156.702102,2015,21,218,358.87,3.6,940.93,0,8.87
71.294626,-156.702102,2015,22,218,278.32,4.3,873.91,0,8.53
71.294626,-156.702102,2015,23,218,322.06,4.8,849.37,0,8.1
71.294626,-156.702102,2015,0,219,313.86,5.3,840.22,4.25,7.67
71.294626,-156.702102,2015,1,219,304.58,5.8,868.17,4.25,7.26
71.294626,-156.702102,2015,2,219,166.32,7.1,869.36,4.25,6.88
71.294626,-156.702102,2015,3,219,162.66,7.8,898.96,4.25,6.57
71.294626,-156.702102,2015,4,219,142.26,6.9,933.49,4.25,6.42
71.294626,-156.702102,2015,5,219,70.47,6.6,973.93,4.25,6.3
71.294626,-156.702102,2015,6,219,37.51,6.4,980.7,4.25,6.22
71.294626,-156.702102,2015,7,219,15.39,6.2,965.28,4.25,6.2
71.294626,-156.702102,2015,8,219,3.5,5.9,980.75,4.25,6.18
71.294626,-156.702102,2015,9,219,-9999,5.7,1040.61,4.25,6.17
71.294626,-156.702102,2015,10,219,-9999,5.3,952.75,4.25,6.16
71.294626,-156.702102,2015,11,219,-9999,5.2,851.45,4.25,6.28
71.294626,-156.702102,2015,12,219,-9999,5.3,830.28,4.25,6.58
71.294626,-156.702102,2015,13,219,0.47,5.4,725.47,4.25,7.18
71.294626,-156.702102,2015,14,219,11.52,5.5,697.09,4.25,7.78
71.294626,-156.702102,2015,15,219,15.32,5.7,723.84,4.25,8.29
71.294626,-156.702102,2015,16,219,16.23,5.7,760.13,4.25,9.16
71.294626,-156.702102,2015,17,219,33.22,5.9,800.21,4.25,10
71.294626,-156.702102,2015,18,219,53.09,5.4,867.88,4.25,10.6
71.294626,-156.702102,2015,19,219,164.66,4.9,969.2,4.25,10.88
71.294626,-156.702102,2015,20,219,274.37,5.4,1130.86,4.25,11.02
71.294626,-156.702102,2015,21,219,356.2,5.8,1161.88,4.25,10.94
71.294626,-156.702102,2015,22,219,288.07,5.9,968.41,4.25,10.52
71.294626,-156.702102,2015,23,219,427.49,6.7,1059.4,4.25,10
71.294626,-156.702102,2015,0,220,521.2,7.7,1034.89,0.75,9.45
71.294626,-156.702102,2015,1,220,476.7,8.2,962.84,0.75,8.88
71.294626,-156.702102,2015,2,220,403.3,8.1,979.96,0.75,8.41
71.294626,-156.702102,2015,3,220,312.51,8.2,1011.26,0.75,8.08
71.294626,-156.702102,2015,4,220,220.64,8.2,1084.99,0.75,7.85
71.294626,-156.702102,2015,5,220,115.12,7.2,1065.14,0.75,7.53
71.294626,-156.702102,2015,6,220,37.87,6,1033.46,0.75,7.3
71.294626,-156.702102,2015,7,220,14.76,5.1,1074.73,0.75,7.08
71.294626,-156.702102,2015,8,220,2.41,4.7,1082.72,0.75,6.95
71.294626,-156.702102,2015,9,220,-9999,4.6,1076.14,0.75,6.9
71.294626,-156.702102,2015,10,220,-9999,4.1,1061.56,0.75,6.93
71.294626,-156.702102,2015,11,220,0.97,4.5,1048.91,0.75,7
71.294626,-156.702102,2015,12,220,4.58,5,1121.22,0.75,-9999
71.294626,-156.702102,2015,13,220,5.99,5.1,-9999,0.75,-9999
71.294626,-156.702102,2015,14,220,14.37,5.2,1020.89,0.75,8.01
71.294626,-156.702102,2015,15,220,28.24,4.9,1033.23,0.75,8.08
71.294626,-156.702102,2015,16,220,41.52,4.3,1056.94,0.75,8.35
71.294626,-156.702102,2015,17,220,106.41,4.2,1043.49,0.75,8.99
71.294626,-156.702102,2015,18,220,92.96,3.9,1053.79,0.75,9.26
71.294626,-156.702102,2015,19,220,174.81,4,1069.3,0.75,9.3
71.294626,-156.702102,2015,20,220,183.95,4,1123.17,0.75,9.34
71.294626,-156.702102,2015,21,220,241.19,4,1163.15,0.75,9.26
71.294626,-156.702102,2015,22,220,212.36,4.1,1263.89,0.75,9.13
71.294626,-156.702102,2015,23,220,214.09,4.2,1361.2,0.75,8.93
71.294626,-156.702102,2015,0,221,235.27,4.6,1297,0,8.69
71.294626,-156.702102,2015,1,221,365.28,6.4,1258.29,0,8.41
71.294626,-156.702102,2015,2,221,193.43,6.5,1216.47,0,8.18
71.294626,-156.702102,2015,3,221,146.6,6.5,1233.95,0,7.94
71.294626,-156.702102,2015,4,221,119.72,6.8,1255.69,0,7.65
71.294626,-156.702102,2015,5,221,68.83,6.7,1261.6,0,7.43
71.294626,-156.702102,2015,6,221,30.29,6.3,1252.05,0,7.26
71.294626,-156.702102,2015,7,221,6.52,5.7,1240.55,0,7.14
71.294626,-156.702102,2015,8,221,-9999,5.2,1240.87,0,7.04
71.294626,-156.702102,2015,9,221,-9999,4.6,1230.03,0,7
71.294626,-156.702102,2015,10,221,-9999,4.7,1232.31,0,7.04
71.294626,-156.702102,2015,11,221,-9999,4.9,1250.04,0,7.16
71.294626,-156.702102,2015,12,221,-9999,4.8,1271.6,0,7.39
71.294626,-156.702102,2015,13,221,6.22,4.7,1306.15,0,8
71.294626,-156.702102,2015,14,221,16.95,4.9,1373.45,0,8.88
71.294626,-156.702102,2015,15,221,33.32,5,1446,0,10.06
71.294626,-156.702102,2015,16,221,46.62,5.5,1566.96,0,10.69
71.294626,-156.702102,2015,17,221,118.43,6.1,1615.81,0,11.19
71.294626,-156.702102,2015,18,221,159.91,6.7,1899.12,0,11.63
71.294626,-156.702102,2015,19,221,169.96,6.8,2131.9,0,11.98
71.294626,-156.702102,2015,20,221,280.99,7.1,2368.06,0,12.02
71.294626,-156.702102,2015,21,221,281.16,7.5,2428.44,0,11.81
71.294626,-156.702102,2015,22,221,565.1,8,2112.66,0,11.42
71.294626,-156.702102,2015,23,221,571.11,8,2023.8,0,10.97
71.294626,-156.702102,2015,0,222,546.86,8.1,1891.14,0,10.55
71.294626,-156.702102,2015,1,222,414.63,7.9,1807.24,0,10.12
71.294626,-156.702102,2015,2,222,373.95,7.8,1806.09,0,9.8
71.294626,-156.702102,2015,3,222,305.16,8,1757.67,0,9.52
71.294626,-156.702102,2015,4,222,212.29,7.6,1720.24,0,9.23
71.294626,-156.702102,2015,5,222,122.85,7,1728.9,0,8.96
71.294626,-156.702102,2015,6,222,68.15,6.4,1706.09,0,8.68
71.294626,-156.702102,2015,7,222,14.45,5.6,1711.25,0,8.43
71.294626,-156.702102,2015,8,222,1.72,5.1,1693.14,0,8.17
71.294626,-156.702102,2015,9,222,-9999,4.3,1642.04,0,7.96
71.294626,-156.702102,2015,10,222,-9999,4.3,1595.32,0,7.86
71.294626,-156.702102,2015,11,222,-9999,4.2,1540.76,0,7.78
71.294626,-156.702102,2015,12,222,1.19,4.3,1483.78,0,7.76
71.294626,-156.702102,2015,13,222,7.11,4.7,1433.58,0,8
71.294626,-156.702102,2015,14,222,21.05,4.4,1418.19,0,8.37
71.294626,-156.702102,2015,15,222,36.1,3.8,1419.77,0,8.76
71.294626,-156.702102,2015,16,222,52.45,3.5,1432.68,0,9.34
71.294626,-156.702102,2015,17,222,67.59,3.2,1455.34,0,9.79
71.294626,-156.702102,2015,18,222,92.84,3,1506.96,0,10.21
71.294626,-156.702102,2015,19,222,103.14,2.9,1494.01,0,10.29
71.294626,-156.702102,2015,20,222,239.59,3.3,1514.58,0,10.26
71.294626,-156.702102,2015,21,222,302.95,3.7,1556.36,0,10.15
71.294626,-156.702102,2015,22,222,418.95,4,1579.24,0,9.92
71.294626,-156.702102,2015,23,222,285.69,3.9,1468.71,0,9.59
71.294626,-156.702102,2015,0,223,453.18,4.1,1458.93,0.5,9.2
71.294626,-156.702102,2015,1,223,471.22,4.1,1444.93,0.5,8.84
71.294626,-156.702102,2015,2,223,379.34,3.8,1446.25,0.5,8.46
71.294626,-156.702102,2015,3,223,205.93,3.5,1444.5,0.5,8.16
71.294626,-156.702102,2015,4,223,121.26,3.3,1433.78,0.5,7.91
71.294626,-156.702102,2015,5,223,84.88,3.3,1441.48,0.5,7.68
71.294626,-156.702102,2015,6,223,29.8,2.9,1431.84,0.5,7.41
71.294626,-156.702102,2015,7,223,10.78,2.5,1411.12,0.5,7.22
71.294626,-156.702102,2015,8,223,2.5,2.2,1394.69,0.5,7.12
71.294626,-156.702102,2015,9,223,-9999,2.1,1401.78,0.5,7.09
71.294626,-156.702102,2015,10,223,-9999,1.5,1414.71,0.5,7.15
71.294626,-156.702102,2015,11,223,-9999,1.9,1440.05,0.5,7.32
71.294626,-156.702102,2015,12,223,-9999,1.9,1426.42,0.5,7.53
71.294626,-156.702102,2015,13,223,7.15,1.8,1434.68,0.5,7.91
71.294626,-156.702102,2015,14,223,31.43,1.4,1489.67,0.5,8.39
71.294626,-156.702102,2015,15,223,57.12,1.7,1525.6,0.5,8.88
71.294626,-156.702102,2015,16,223,93.57,2.8,1534.04,0.5,9.22
71.294626,-156.702102,2015,17,223,156.62,3.2,1554.15,0.5,9.41
71.294626,-156.702102,2015,18,223,234.7,3.2,1490.82,0.5,9.43
71.294626,-156.702102,2015,19,223,301.42,3.1,1473.82,0.5,9.29
71.294626,-156.702102,2015,20,223,283.72,3.3,1475.36,0.5,9.13
71.294626,-156.702102,2015,21,223,388.4,3.6,1428.45,0.5,8.93
71.294626,-156.702102,2015,22,223,431.84,3.7,1343.63,0.5,8.62
71.294626,-156.702102,2015,23,223,-9999,3.5,1299.83,0.5,8.21
71.294626,-156.702102,2015,0,224,-9999,3.4,1253.92,0,7.74
71.294626,-156.702102,2015,1,224,-9999,3.2,1225.54,0,7.28
71.294626,-156.702102,2015,2,224,-9999,2.7,1196.53,0,6.84
71.294626,-156.702102,2015,3,224,-9999,2.5,1173.37,0,6.44
71.294626,-156.702102,2015,4,224,-9999,2.3,1153.33,0,6.09
71.294626,-156.702102,2015,5,224,-9999,1.7,1123.65,0,5.81
71.294626,-156.702102,2015,6,224,-9999,1.4,1100.52,0,5.6
71.294626,-156.702102,2015,7,224,-9999,1,1085.94,0,5.46
71.294626,-156.702102,2015,8,224,-9999,0.6,1072.93,0,5.38
71.294626,-156.702102,2015,9,224,-9999,0.5,1059.12,0,5.31
71.294626,-156.702102,2015,10,224,-9999,1.2,1038.77,0,5.29
71.294626,-156.702102,2015,11,224,-9999,1.6,1000.65,0,5.45
71.294626,-156.702102,2015,12,224,-9999,1.7,961.51,0,5.99
71.294626,-156.702102,2015,13,224,-9999,1.8,947.5,0,6.87
71.294626,-156.702102,2015,14,224,-9999,2.2,931.57,0,7.86
71.294626,-156.702102,2015,15,224,-9999,2.2,912.23,0,8.69
71.294626,-156.702102,2015,16,224,-9999,2,889.3,0,9.16
71.294626,-156.702102,2015,17,224,-9999,2,853.52,0,9.2
71.294626,-156.702102,2015,18,224,-9999,1.9,794.46,0,9.07
71.294626,-156.702102,2015,19,224,-9999,2.9,742.53,0,8.84
71.294626,-156.702102,2015,20,224,-9999,3.9,697.2,0,8.49
71.294626,-156.702102,2015,21,224,-9999,4.3,667.95,0,8.05
71.294626,-156.702102,2015,22,224,-9999,4.4,657.37,0,7.54
71.294626,-156.702102,2015,23,224,-9999,4.3,653.81,0,7.05
71.294626,-156.702102,2015,0,225,-9999,4,660.1,0.25,6.64
71.294626,-156.702102,2015,1,225,-9999,3.6,668.46,0.25,6.32
71.294626,-156.702102,2015,2,225,-9999,3.2,676.64,0.25,6.04
71.294626,-156.702102,2015,3,225,-9999,2.9,689.9,0.25,5.84
71.294626,-156.702102,2015,4,225,-9999,2.6,701.32,0.25,5.68
71.294626,-156.702102,2015,5,225,-9999,2.3,713.87,0.25,5.55
71.294626,-156.702102,2015,6,225,-9999,2.2,723.09,0.25,5.49
71.294626,-156.702102,2015,7,225,-9999,2.4,724.42,0.25,5.52
71.294626,-156.702102,2015,8,225,-9999,2.8,735.3,0.25,5.67
71.294626,-156.702102,2015,9,225,-9999,3.3,741.85,0.25,5.84
71.294626,-156.702102,2015,10,225,-9999,3.8,731.14,0.25,6.17
71.294626,-156.702102,2015,11,225,-9999,4,728.14,0.25,6.65
71.294626,-156.702102,2015,12,225,-9999,4.1,726.65,0.25,7.17
71.294626,-156.702102,2015,13,225,-9999,4.3,737.76,0.25,7.53
71.294626,-156.702102,2015,14,225,-9999,4.8,743.43,0.25,7.8
71.294626,-156.702102,2015,15,225,-9999,5.8,742.53,0.25,8.12
71.294626,-156.702102,2015,16,225,-9999,6.9,738.58,0.25,8.49
71.294626,-156.702102,2015,17,225,-9999,8.1,754.19,0.25,8.69
71.294626,-156.702102,2015,18,225,-9999,8.2,762.88,0.25,8.88
71.294626,-156.702102,2015,19,225,-9999,8.2,785.96,0.25,8.93
71.294626,-156.702102,2015,20,225,-9999,8.1,764.83,0.25,8.89
71.294626,-156.702102,2015,21,225,-9999,8.2,754.98,0.25,8.82
71.294626,-156.702102,2015,22,225,-9999,8.4,762.46,0.25,8.71
71.294626,-156.702102,2015,23,225,-9999,8.6,781.29,0.25,8.62
71.294626,-156.702102,2015,0,226,-9999,8.8,816.11,0.25,8.51
71.294626,-156.702102,2015,1,226,-9999,9.1,846.58,0.25,8.37
71.294626,-156.702102,2015,2,226,-9999,9.1,861.11,0.25,8.26
71.294626,-156.702102,2015,3,226,-9999,8.8,899.2,0.25,8.18
71.294626,-156.702102,2015,4,226,-9999,8.6,930.13,0.25,8.07
71.294626,-156.702102,2015,5,226,-9999,8.4,899.16,0.25,8
71.294626,-156.702102,2015,6,226,-9999,8.3,908.62,0.25,7.96
71.294626,-156.702102,2015,7,226,-9999,8.3,979.13,0.25,7.96
71.294626,-156.702102,2015,8,226,-9999,8.3,959.29,0.25,7.97
71.294626,-156.702102,2015,9,226,-9999,8.3,954.64,0.25,8.05
71.294626,-156.702102,2015,10,226,-9999,8.3,947.73,0.25,8.28
71.294626,-156.702102,2015,11,226,-9999,8.3,926.8,0.25,8.6
71.294626,-156.702102,2015,12,226,-9999,8.4,846.67,0.25,8.89
71.294626,-156.702102,2015,13,226,-9999,8.4,883.1,0.25,9.18
71.294626,-156.702102,2015,14,226,-9999,8.4,868.97,0.25,9.47
71.294626,-156.702102,2015,15,226,-9999,8.5,809.29,0.25,9.63
71.294626,-156.702102,2015,16,226,-9999,8.4,820.84,0.25,9.92
71.294626,-156.702102,2015,17,226,-9999,8.5,864.08,0.25,10.04
71.294626,-156.702102,2015,18,226,-9999,8.9,896.44,0.25,10.16
71.294626,-156.702102,2015,19,226,-9999,9,935.72,0.25,10.24
71.294626,-156.702102,2015,20,226,-9999,9.2,939.91,0.25,10.12
71.294626,-156.702102,2015,21,226,-9999,9.5,959.16,0.25,9.9
71.294626,-156.702102,2015,22,226,-9999,9.4,971.94,0.25,9.6
71.294626,-156.702102,2015,23,226,-9999,9.3,984.81,0.25,9.24
71.294626,-156.702102,2015,0,227,-9999,8.1,1001.39,0,8.86
71.294626,-156.702102,2015,1,227,-9999,7,1001.88,0,8.47
71.294626,-156.702102,2015,2,227,-9999,7,1009.47,0,8.17
71.294626,-156.702102,2015,3,227,-9999,6.7,1019.41,0,7.83
71.294626,-156.702102,2015,4,227,-9999,6.2,1029.08,0,7.57
71.294626,-156.702102,2015,5,227,-9999,5.5,1033.9,0,7.3
71.294626,-156.702102,2015,6,227,-9999,5.1,1039.11,0,7.02
71.294626,-156.702102,2015,7,227,-9999,5,1017.36,0,6.82
71.294626,-156.702102,2015,8,227,-9999,4.6,996.02,0,6.63
71.294626,-156.702102,2015,9,227,-9999,4,971.92,0,6.54
71.294626,-156.702102,2015,10,227,-9999,3.8,950.13,0,6.48
71.294626,-156.702102,2015,11,227,-9999,3.5,925.84,0,6.51
71.294626,-156.702102,2015,12,227,-9999,3.3,942.42,0,6.59
71.294626,-156.702102,2015,13,227,-9999,3,923.64,0,-9999
71.294626,-156.702102,2015,14,227,-9999,2.6,926.38,0,-9999
71.294626,-156.702102,2015,15,227,-9999,2.2,930.71,0,-9999
71.294626,-156.702102,2015,16,227,-9999,2.1,920.62,0,-9999
71.294626,-156.702102,2015,17,227,-9999,2.1,959.98,0,7.11
71.294626,-156.702102,2015,18,227,-9999,1.9,994.01,0,7.25
71.294626,-156.702102,2015,19,227,-9999,2,969.04,0,7.15
71.294626,-156.702102,2015,20,227,-9999,2,970.82,0,6.92
71.294626,-156.702102,2015,21,227,-9999,1.8,974.62,0,6.78
71.294626,-156.702102,2015,22,227,-9999,1.6,980.95,0,6.64
71.294626,-156.702102,2015,23,227,-9999,1.8,993.16,0,6.34
71.294626,-156.702102,2015,0,228,-9999,1.9,999.87,0,6.1
71.294626,-156.702102,2015,1,228,-9999,2,998.94,0,5.85
71.294626,-156.702102,2015,2,228,-9999,2.3,1008.76,0,5.65
71.294626,-156.702102,2015,3,228,-9999,2.4,993.23,0,5.46
71.294626,-156.702102,2015,4,228,-9999,2.4,1007.14,0,5.28
71.294626,-156.702102,2015,5,228,-9999,2.7,1001.26,0,5.1
71.294626,-156.702102,2015,6,228,-9999,2.5,952.19,0,4.91
71.294626,-156.702102,2015,7,228,-9999,2.5,991.74,0,4.76
71.294626,-156.702102,2015,8,228,-9999,2.5,921.41,0,4.68
71.294626,-156.702102,2015,9,228,-9999,2.7,873.82,0,4.7
71.294626,-156.702102,2015,10,228,-9999,3.3,838.69,0,4.92
71.294626,-156.702102,2015,11,228,-9999,3.4,800.89,0,5.3
71.294626,-156.702102,2015,12,228,-9999,3.3,761.38,0,5.82
71.294626,-156.702102,2015,13,228,-9999,3.3,733.99,0,6.37
71.294626,-156.702102,2015,14,228,-9999,3.3,706.75,0,7.05
71.294626,-156.702102,2015,15,228,-9999,3,672.42,0,7.4
71.294626,-156.702102,2015,16,228,-9999,3.2,646.15,0,7.69
71.294626,-156.702102,2015,17,228,-9999,3.4,612.57,0,7.77
71.294626,-156.702102,2015,18,228,-9999,3.9,580.54,0,7.64
71.294626,-156.702102,2015,19,228,-9999,4.2,560.05,0,7.48
71.294626,-156.702102,2015,20,228,-9999,4,564.96,0,7.08
71.294626,-156.702102,2015,21,228,-9999,3.9,548.78,0,6.63
71.294626,-156.702102,2015,22,228,-9999,3.3,561.89,0,6.02
71.294626,-156.702102,2015,23,228,-9999,2.8,564.69,0,5.66
71.294626,-156.702102,2015,0,229,-9999,2.4,575.46,0,5.15
71.294626,-156.702102,2015,1,229,-9999,2.3,585.98,0,4.72
71.294626,-156.702102,2015,2,229,-9999,1.9,589.27,0,4.35
71.294626,-156.702102,2015,3,229,-9999,1.7,587.24,0,4
71.294626,-156.702102,2015,4,229,-9999,1.3,584.36,0,3.67
71.294626,-156.702102,2015,5,229,-9999,1.2,581.22,0,3.42
71.294626,-156.702102,2015,6,229,-9999,0.9,567.93,0,3.1
71.294626,-156.702102,2015,7,229,-9999,0.8,534.63,0,2.92
71.294626,-156.702102,2015,8,229,-9999,0.7,501.93,0,2.83
71.294626,-156.702102,2015,9,229,-9999,0.7,484.49,0,2.91
71.294626,-156.702102,2015,10,229,-9999,0.9,468.98,0,3.02
71.294626,-156.702102,2015,11,229,-9999,0.8,469.69,0,3.17
71.294626,-156.702102,2015,12,229,-9999,0.8,473.3,0,3.8
71.294626,-156.702102,2015,13,229,-9999,0.9,472.99,0,4.26
71.294626,-156.702102,2015,14,229,-9999,1,465.76,0,4.89
71.294626,-156.702102,2015,15,229,-9999,1.1,462.46,0,5.21
71.294626,-156.702102,2015,16,229,-9999,1.2,467.71,0,5.83
71.294626,-156.702102,2015,17,229,-9999,1.5,475.94,0,6.32
71.294626,-156.702102,2015,18,229,-9999,1.8,472.41,0,6.76
71.294626,-156.702102,2015,19,229,-9999,2.8,468.61,0,6.78
71.294626,-156.702102,2015,20,229,-9999,3.2,468.27,0,6.65
71.294626,-156.702102,2015,21,229,420.15,3,474.28,0,6.29
71.294626,-156.702102,2015,22,229,322.72,3,490.25,0,6.03
71.294626,-156.702102,2015,23,229,427.67,3.4,502.15,0,5.73
71.294626,-156.702102,2015,0,230,-9999,3.5,512.13,0.25,5.29
71.294626,-156.702102,2015,1,230,-9999,3.4,522.81,0.25,-9999
71.294626,-156.702102,2015,2,230,-9999,3.3,533.94,0.25,-9999
71.294626,-156.702102,2015,3,230,-9999,3.2,544.58,0.25,-9999
71.294626,-156.702102,2015,4,230,-9999,2.9,549.86,0.25,-9999
71.294626,-156.702102,2015,5,230,-9999,2.6,550.97,0.25,-9999
71.294626,-156.702102,2015,6,230,-9999,2.4,548.41,0.25,-9999
71.294626,-156.702102,2015,7,230,-9999,2.2,528.45,0.25,-9999
71.294626,-156.702102,2015,8,230,-9999,2,494.94,0.25,-9999
71.294626,-156.702102,2015,9,230,-9999,1.8,469.63,0.25,-9999
71.294626,-156.702102,2015,10,230,-9999,1.6,463.7,0.25,-9999
71.294626,-156.702102,2015,11,230,-9999,1.6,467.41,0.25,-9999
71.294626,-156.702102,2015,12,230,-9999,1.6,467.65,0.25,-9999
71.294626,-156.702102,2015,13,230,-9999,1.6,468.64,0.25,-9999
71.294626,-156.702102,2015,14,230,-9999,1.5,468.74,0.25,-9999
71.294626,-156.702102,2015,15,230,-9999,1.6,469.37,0.25,-9999
71.294626,-156.702102,2015,16,230,-9999,1.6,472.05,0.25,-9999
71.294626,-156.702102,2015,17,230,-9999,1.8,475.65,0.25,-9999
71.294626,-156.702102,2015,18,230,-9999,1.9,489.89,0.25,-9999
71.294626,-156.702102,2015,19,230,-9999,1.8,474.64,0.25,-9999
71.294626,-156.702102,2015,20,230,-9999,2,464.73,0.25,-9999
71.294626,-156.702102,2015,21,230,-9999,2.1,474.66,0.25,-9999
71.294626,-156.702102,2015,22,230,-9999,2.2,485.5,0.25,-9999
71.294626,-156.702102,2015,23,230,-9999,2.6,505.66,0.25,-9999
71.294626,-156.702102,2015,0,231,-9999,2.4,542.69,0,-9999
71.294626,-156.702102,2015,1,231,-9999,2.1,547.48,0,-9999
71.294626,-156.702102,2015,2,231,-9999,1.9,556.57,0,-9999
71.294626,-156.702102,2015,3,231,-9999,1.9,542.25,0,-9999
71.294626,-156.702102,2015,4,231,-9999,1.4,544.8,0,-9999
71.294626,-156.702102,2015,5,231,-9999,1.6,560.88,0,-9999
71.294626,-156.702102,2015,6,231,-9999,1.5,544.02,0,-9999
71.294626,-156.702102,2015,7,231,-9999,1.1,587.36,0,-9999
71.294626,-156.702102,2015,8,231,-9999,0.8,572.34,0,-9999
71.294626,-156.702102,2015,9,231,-9999,0.9,534.28,0,-9999
71.294626,-156.702102,2015,10,231,-9999,1,550.2,0,-9999
71.294626,-156.702102,2015,11,231,-9999,1.2,524.76,0,-9999
71.294626,-156.702102,2015,12,231,-9999,1.3,450.97,0,-9999
71.294626,-156.702102,2017,11,208,3.63,4.2,739.34,0,8.73
71.294626,-156.702102,2017,12,208,9.78,4,739.26,0,9.53
71.294626,-156.702102,2017,13,208,27.18,4.6,749.37,0,10.52
71.294626,-156.702102,2017,14,208,35.74,5.5,759.79,0,11.57
71.294626,-156.702102,2017,15,208,69.42,5.5,770.89,0,12.61
71.294626,-156.702102,2017,16,208,120.93,5.8,775.88,0,13.48
71.294626,-156.702102,2017,17,208,305.11,7.3,770.63,0,14.07
71.294626,-156.702102,2017,18,208,413.23,8.7,766.32,0,14.36
71.294626,-156.702102,2017,19,208,516.24,10,758.62,0,14.44
71.294626,-156.702102,2017,20,208,569.59,10.6,751.03,0,14.21
71.294626,-156.702102,2017,21,208,602.55,11.2,746.94,0,13.75
71.294626,-156.702102,2017,22,208,617.15,9.4,771.89,0,13.13
71.294626,-156.702102,2017,23,208,588.02,8.7,816.46,0,12.53
71.294626,-156.702102,2017,0,209,529.78,8.1,863.23,0,11.95
71.294626,-156.702102,2017,1,209,473.81,8.2,911.06,0,11.36
71.294626,-156.702102,2017,2,209,388.03,7.8,959.97,0,10.83
71.294626,-156.702102,2017,3,209,336.02,7.9,984.3,0,10.37
71.294626,-156.702102,2017,4,209,215.84,7,1018,0,9.97
71.294626,-156.702102,2017,5,209,123.03,6.7,1062.21,0,9.68
71.294626,-156.702102,2017,6,209,78.67,6.6,1097.03,0,9.49
71.294626,-156.702102,2017,7,209,40.62,6.7,1148.01,0,9.57
71.294626,-156.702102,2017,8,209,24.87,6.7,1201.43,0,9.93
71.294626,-156.702102,2017,9,209,7.69,6.8,1247.15,0,10.58
71.294626,-156.702102,2017,10,209,4.57,7,1325.71,0,11.23
71.294626,-156.702102,2017,11,209,6.17,7.3,1430.46,0,11.67
71.294626,-156.702102,2017,12,209,16.23,7.4,1641.28,0,12.39
71.294626,-156.702102,2017,13,209,-9999,8,1741.15,0,12.81
71.294626,-156.702102,2017,14,209,-9999,9,1887.25,0,13.29
71.294626,-156.702102,2017,15,209,-9999,10.3,2002.92,0,13.95
71.294626,-156.702102,2017,16,209,-9999,11.6,2083.6,0,14.31
71.294626,-156.702102,2017,17,209,383,11.3,2082.78,0,14.32
71.294626,-156.702102,2017,18,209,421.25,10.6,2272.97,0,14.81
71.294626,-156.702102,2017,19,209,495.23,10.5,2685.78,0,15.08
71.294626,-156.702102,2017,20,209,563.88,11.3,2451.24,0,15.34
71.294626,-156.702102,2017,21,209,353.19,10.5,2408.37,0,15.45
71.294626,-156.702102,2017,22,209,588.46,11.3,2391.11,0,15.42
71.294626,-156.702102,2017,23,209,497.33,10.6,2561.59,0,15.13
71.294626,-156.702102,2017,0,210,284.47,10.5,2707.29,0,14.76
71.294626,-156.702102,2017,1,210,367.66,10.3,3105.76,0,14.43
71.294626,-156.702102,2017,2,210,414.37,11,3718.47,0,14.17
71.294626,-156.702102,2017,3,210,290.27,11.2,3762.25,0,13.88
71.294626,-156.702102,2017,4,210,247.21,11.6,4106.11,0,13.7
71.294626,-156.702102,2017,5,210,166.05,11.2,3323.16,0,13.52
71.294626,-156.702102,2017,6,210,54.21,10.4,2336.57,0,13.35
71.294626,-156.702102,2017,7,210,9.17,11.4,2227.59,0,13.39
71.294626,-156.702102,2017,8,210,4.01,11.5,2133.14,0,13.62
71.294626,-156.702102,2017,9,210,2.08,11.3,2193.21,0,13.96
71.294626,-156.702102,2017,10,210,3.26,11.1,2330.42,0,14.2
71.294626,-156.702102,2017,11,210,4.18,10.5,2423.41,0,14.78
71.294626,-156.702102,2017,12,210,13.49,9.6,2467.29,0,15.5
71.294626,-156.702102,2017,13,210,28.13,9.9,2288.05,0,16.35
71.294626,-156.702102,2017,14,210,-9999,10.9,1990.25,0,16.88
71.294626,-156.702102,2017,15,210,-9999,13,1940.52,0,16.78
71.294626,-156.702102,2017,16,210,113.66,14.5,1759.51,0,17.34
71.294626,-156.702102,2017,17,210,181.77,16.3,1562.45,0,19.2
71.294626,-156.702102,2017,18,210,301.91,17.9,1365.7,0,15.56
71.294626,-156.702102,2017,19,210,426,19.8,1198.97,0,15.02
71.294626,-156.702102,2017,20,210,547.43,20.4,1084.45,0,14.44
71.294626,-156.702102,2017,21,210,548.67,19.9,1028.08,0,13.83
71.294626,-156.702102,2017,22,210,350.93,13.8,1016.72,0,13.25
71.294626,-156.702102,2017,23,210,309.72,11.7,1072.87,0,12.61
71.294626,-156.702102,2017,0,211,206.06,10.6,1100.33,0,11.91
71.294626,-156.702102,2017,1,211,201.38,10.4,1106.29,0,11.26
71.294626,-156.702102,2017,2,211,191.69,9.9,1084.67,0,10.64
71.294626,-156.702102,2017,3,211,137.31,9.1,1079.11,0,10.03
71.294626,-156.702102,2017,4,211,91.55,8.7,1072.77,0,9.48
71.294626,-156.702102,2017,5,211,55.49,8,1050.89,0,9.04
71.294626,-156.702102,2017,6,211,18.62,7.6,1040.69,0,8.63
71.294626,-156.702102,2017,7,211,8.32,6.3,1035.25,0,8.38
71.294626,-156.702102,2017,8,211,2.7,5.5,1041.02,0,8.21
71.294626,-156.702102,2017,9,211,1.23,4.9,1053.12,0,8.2
71.294626,-156.702102,2017,10,211,-9999,3.8,1074.05,0,8.37
71.294626,-156.702102,2017,11,211,1.01,3.6,1076.66,0,8.71
71.294626,-156.702102,2017,12,211,3.33,3.6,1097.16,0,9.28
71.294626,-156.702102,2017,13,211,13.81,3.8,1169.47,0,10.14
71.294626,-156.702102,2017,14,211,32.97,3.6,1223.44,0,10.93
71.294626,-156.702102,2017,15,211,60.61,3.6,1233.59,0,11.6
71.294626,-156.702102,2017,16,211,102.56,3.7,1221.91,0,12.05
71.294626,-156.702102,2017,17,211,160.05,4.1,1285.47,0,12.47
71.294626,-156.702102,2017,18,211,256.25,4.3,1219.09,0,12.59
71.294626,-156.702102,2017,19,211,358.08,5,1160.74,0,12.52
71.294626,-156.702102,2017,20,211,539.71,6.2,1082.05,0,12.31
71.294626,-156.702102,2017,21,211,514.94,6.1,1009.68,0,12.01
71.294626,-156.702102,2017,22,211,593.36,6.3,954.45,0,11.55
71.294626,-156.702102,2017,23,211,580.78,6.3,931.11,0,11.07
71.294626,-156.702102,2017,0,212,452.25,6.4,928.81,1,10.57
71.294626,-156.702102,2017,1,212,329.1,6.7,938.98,1,10.18
71.294626,-156.702102,2017,2,212,243.76,7.3,944.91,1,9.77
71.294626,-156.702102,2017,3,212,151.43,8.2,949.41,1,9.45
71.294626,-156.702102,2017,4,212,124.92,7.6,959.82,1,9.27
71.294626,-156.702102,2017,5,212,143.38,7.6,952.19,1,9.15
71.294626,-156.702102,2017,6,212,83.05,7.1,956.44,1,9.14
71.294626,-156.702102,2017,7,212,20.36,7,948.52,1,9.2
71.294626,-156.702102,2017,8,212,11.39,7.2,934.29,1,9.35
71.294626,-156.702102,2017,9,212,1.4,6.7,934.48,1,9.69
71.294626,-156.702102,2017,10,212,0.51,6.6,948.11,1,10.02
71.294626,-156.702102,2017,11,212,1.8,7.7,981.67,1,10.46
71.294626,-156.702102,2017,12,212,4.02,8.6,1008.55,1,10.89
71.294626,-156.702102,2017,13,212,6.79,9.1,1037.04,1,11.62
71.294626,-156.702102,2017,14,212,37.06,9.7,1076.06,1,12.81
71.294626,-156.702102,2017,15,212,81.14,10.2,1117.74,1,13.72
71.294626,-156.702102,2017,16,212,195.97,11.2,1144.07,1,14.35
71.294626,-156.702102,2017,17,212,136.04,12.3,1217.22,1,14.14
71.294626,-156.702102,2017,18,212,170.64,13.3,1450.7,1,13.48
71.294626,-156.702102,2017,19,212,170.01,14.7,1435.99,1,14.54
71.294626,-156.702102,2017,20,212,35.41,16.1,1207.91,1,15.15
71.294626,-156.702102,2017,21,212,436.36,18.4,1305.89,1,14.68
71.294626,-156.702102,2017,22,212,454.66,19.4,1280.32,1,14.68
71.294626,-156.702102,2017,23,212,308.77,19.7,1315.95,1,14.13
71.294626,-156.702102,2017,0,213,314.56,19.9,1273.55,1.5,13.8
71.294626,-156.702102,2017,1,213,171.63,18.2,1269.43,1.5,13.51
71.294626,-156.702102,2017,2,213,203.99,18.3,1278.51,1.5,13.22
71.294626,-156.702102,2017,3,213,152.85,18.5,1292.05,1.5,12.95
71.294626,-156.702102,2017,4,213,88.34,17.1,1288.42,1.5,12.67
71.294626,-156.702102,2017,5,213,71.14,16.5,1280.09,1.5,12.43
71.294626,-156.702102,2017,6,213,48.19,16.5,1266.95,1.5,12.22
71.294626,-156.702102,2017,7,213,10.47,15.8,1210.61,1.5,12
71.294626,-156.702102,2017,8,213,3.6,14.8,1136.18,1.5,11.58
71.294626,-156.702102,2017,9,213,-9999,14,1032.37,1.5,11.23
71.294626,-156.702102,2017,10,213,-9999,13.2,925.14,1.5,10.87
71.294626,-156.702102,2017,11,213,0.11,12.4,830.69,1.5,10.74
71.294626,-156.702102,2017,12,213,4.06,12.2,749.78,1.5,10.72
71.294626,-156.702102,2017,13,213,6.83,12,684.04,1.5,10.74
71.294626,-156.702102,2017,14,213,35.11,12.3,606.91,1.5,10.62
71.294626,-156.702102,2017,15,213,72.56,10.9,566.53,1.5,10.4
71.294626,-156.702102,2017,16,213,48.43,9.3,560.84,1.5,10.21
71.294626,-156.702102,2017,17,213,59.45,9.1,552.93,1.5,10.25
71.294626,-156.702102,2017,18,213,110.5,8.9,541.87,1.5,10.39
71.294626,-156.702102,2017,19,213,30.46,9,522.4,1.5,10.42
71.294626,-156.702102,2017,20,213,220.45,8.9,493.9,1.5,10.34
71.294626,-156.702102,2017,21,213,199.58,8.6,486.71,1.5,10.25
71.294626,-156.702102,2017,22,213,258.14,7.2,499.73,1.5,10.04
71.294626,-156.702102,2017,23,213,182.96,7.4,512.73,1.5,9.81
71.294626,-156.702102,2017,0,214,145.17,8.2,528.21,7.7,9.61
71.294626,-156.702102,2017,1,214,217.13,8.7,548.02,7.7,9.34
71.294626,-156.702102,2017,2,214,217.65,8.7,605.57,7.7,9.19
71.294626,-156.702102,2017,3,214,166.82,8.7,830.97,7.7,8.98
71.294626,-156.702102,2017,4,214,149.31,8.2,1015.02,7.7,8.84
71.294626,-156.702102,2017,5,214,167.68,8,1058.43,7.7,8.67
71.294626,-156.702102,2017,6,214,88.22,7.1,1040.6,7.7,8.61
71.294626,-156.702102,2017,7,214,39.63,6.6,990.84,7.7,8.48
71.294626,-156.702102,2017,8,214,12.87,6.5,964.85,7.7,8.37
71.294626,-156.702102,2017,9,214,5.14,6.2,950.01,7.7,8.31
71.294626,-156.702102,2017,10,214,2.54,6.1,934.42,7.7,8.28
71.294626,-156.702102,2017,11,214,5.04,6,920.72,7.7,8.46
71.294626,-156.702102,2017,12,214,7.86,6.6,877.24,7.7,8.64
71.294626,-156.702102,2017,13,214,17.82,7.3,828.74,7.7,8.76
71.294626,-156.702102,2017,14,214,18.45,7.2,794.96,7.7,8.89
71.294626,-156.702102,2017,15,214,15.14,7.1,775.52,7.7,8.98
71.294626,-156.702102,2017,16,214,25.35,7.2,770.12,7.7,9.09
71.294626,-156.702102,2017,17,214,-9999,7.2,750.05,7.7,9
71.294626,-156.702102,2017,18,214,116.8,7.1,714.17,7.7,8.94
71.294626,-156.702102,2017,19,214,197.54,7.2,707.77,7.7,9.03
71.294626,-156.702102,2017,20,214,164.81,6.9,711.03,7.7,9.04
71.294626,-156.702102,2017,21,214,183.35,6.5,704.33,7.7,9.01
71.294626,-156.702102,2017,22,214,160.83,6.1,706.57,7.7,8.91
71.294626,-156.702102,2017,23,214,191.4,6,720.25,7.7,8.74
71.294626,-156.702102,2017,0,215,168.54,5.3,887.41,0,8.4
71.294626,-156.702102,2017,1,215,119.08,4.8,991.68,0,8
71.294626,-156.702102,2017,2,215,148.02,5.1,1034.72,0,7.64
71.294626,-156.702102,2017,3,215,144.29,5.1,1052.34,0,7.34
71.294626,-156.702102,2017,4,215,130.15,5,1186.96,0,7.11
71.294626,-156.702102,2017,5,215,100.85,4.9,1349.03,0,6.95
71.294626,-156.702102,2017,6,215,51.74,4.6,1457.65,0,6.83
71.294626,-156.702102,2017,7,215,18.29,4.3,1459.17,0,6.82
71.294626,-156.702102,2017,8,215,7.87,4.3,1393.65,0,6.81
71.294626,-156.702102,2017,9,215,3.51,4.4,1342.65,0,6.85
71.294626,-156.702102,2017,10,215,1.62,4.7,1231.46,0,6.9
71.294626,-156.702102,2017,11,215,2.85,4.5,1178.35,0,6.93
71.294626,-156.702102,2017,12,215,5.8,4.4,1129.01,0,7.11
71.294626,-156.702102,2017,13,215,14.59,4.1,1112.39,0,7.37
71.294626,-156.702102,2017,14,215,29.13,3.4,1072.24,0,7.76
71.294626,-156.702102,2017,15,215,63.62,2.6,1065.48,0,8.17
71.294626,-156.702102,2017,16,215,99.13,2.6,1083.41,0,8.59
71.294626,-156.702102,2017,17,215,-9999,2.8,1095.98,0,8.98
71.294626,-156.702102,2017,18,215,126.51,3,1166.05,0,9.21
71.294626,-156.702102,2017,19,215,188.24,3.5,1229.65,0,9.31
71.294626,-156.702102,2017,20,215,267.16,3.8,1252.09,0,9.42
71.294626,-156.702102,2017,21,215,330.72,4.3,1256.32,0,9.35
71.294626,-156.702102,2017,22,215,369.77,4.5,1264.55,0,8.95
71.294626,-156.702102,2017,23,215,370.84,4.5,1302.65,0,8.6
71.294626,-156.702102,2017,0,216,295.7,4.6,1255.64,0,8.48
71.294626,-156.702102,2017,1,216,265.69,4.7,1123.19,0,8.23
71.294626,-156.702102,2017,2,216,196.37,4.8,1083.04,0,7.93
71.294626,-156.702102,2017,3,216,125.45,4.7,1147.51,0,7.65
71.294626,-156.702102,2017,4,216,72.47,4.2,1201.98,0,7.44
71.294626,-156.702102,2017,5,216,50.32,4,1248.24,0,7.29
71.294626,-156.702102,2017,6,216,28.65,3.8,1236.03,0,7.13
71.294626,-156.702102,2017,7,216,13.4,3.8,1256.39,0,7.02
71.294626,-156.702102,2017,8,216,4,4,1287.01,0,6.94
71.294626,-156.702102,2017,9,216,1.18,3.9,1255.86,0,6.98
71.294626,-156.702102,2017,10,216,0.51,3.7,1245.51,0,7.06
71.294626,-156.702102,2017,11,216,0.92,3.8,1211.78,0,7.24
71.294626,-156.702102,2017,12,216,2.84,3.7,1178.16,0,7.57
71.294626,-156.702102,2017,13,216,8.41,3.7,1150.9,0,8.06
71.294626,-156.702102,2017,14,216,20.84,3.7,1128.12,0,8.68
71.294626,-156.702102,2017,15,216,44.4,3.8,1088.67,0,9.45
71.294626,-156.702102,2017,16,216,64.78,4.6,1060.96,0,10.44
71.294626,-156.702102,2017,17,216,91.15,5.1,1035.39,0,11.37
71.294626,-156.702102,2017,18,216,113.22,6,1006.68,0,11.95
71.294626,-156.702102,2017,19,216,146.82,7.3,1003.28,0,12.42
71.294626,-156.702102,2017,20,216,224.18,8.7,1014.44,0,12.71
71.294626,-156.702102,2017,21,216,270.02,9.6,1028.42,0,12.86
71.294626,-156.702102,2017,22,216,308.19,10.3,1078.14,0,12.62
71.294626,-156.702102,2017,23,216,412.95,11.3,1439.49,0,11.89
71.294626,-156.702102,2017,0,217,439.22,13.1,1554.28,1.8,11.48
71.294626,-156.702102,2017,1,217,380.41,14.9,1644.3,1.8,11.13
71.294626,-156.702102,2017,2,217,386.21,16.1,1724.05,1.8,10.95
71.294626,-156.702102,2017,3,217,275.74,16.7,1692.14,1.8,11.37
71.294626,-156.702102,2017,4,217,184.48,17.2,1545.51,1.8,11.58
71.294626,-156.702102,2017,5,217,170.37,17.2,1463.43,1.8,11.44
71.294626,-156.702102,2017,6,217,91.1,15.9,1535.58,1.8,11.28
71.294626,-156.702102,2017,7,217,23.51,13.8,1542.33,1.8,11.23
71.294626,-156.702102,2017,8,217,6.58,13.1,1540.15,1.8,11.19
71.294626,-156.702102,2017,9,217,1.19,12.2,1538.1,1.8,11.21
71.294626,-156.702102,2017,10,217,0.04,13.1,1492.53,1.8,11.23
71.294626,-156.702102,2017,11,217,-9999,12.2,1517.73,1.8,11.15
71.294626,-156.702102,2017,12,217,2.64,12.1,1535.02,1.8,11.12
71.294626,-156.702102,2017,13,217,10.98,12.8,1513.11,1.8,11.04
71.294626,-156.702102,2017,14,217,24.01,12.8,1477.38,1.8,11.01
71.294626,-156.702102,2017,15,217,25.75,12,1432.68,1.8,11.27
71.294626,-156.702102,2017,16,217,27.4,11.8,1386.37,1.8,11.28
71.294626,-156.702102,2017,17,217,49.06,12,1313.48,1.8,11.2
71.294626,-156.702102,2017,18,217,91.95,10.3,1276.55,1.8,11.08
71.294626,-156.702102,2017,19,217,90.03,8.5,1224.34,1.8,10.98
71.294626,-156.702102,2017,20,217,112.16,7.6,1197.23,1.8,10.89
71.294626,-156.702102,2017,21,217,119.3,6.5,1174.94,1.8,10.76
71.294626,-156.702102,2017,22,217,277.52,6.4,1161.72,1.8,10.5
71.294626,-156.702102,2017,23,217,240.8,6.4,1189.16,1.8,10.17
71.294626,-156.702102,2017,0,218,191.82,6,1253.61,0.7,9.85
71.294626,-156.702102,2017,1,218,164.55,6.1,1310.9,0.7,9.56
71.294626,-156.702102,2017,2,218,161.15,6.1,1381.39,0.7,9.21
71.294626,-156.702102,2017,3,218,177,6,1434.32,0.7,8.92
71.294626,-156.702102,2017,4,218,150.64,5.8,1566.42,0.7,8.52
71.294626,-156.702102,2017,5,218,80.94,5.9,1614.23,0.7,8.42
71.294626,-156.702102,2017,6,218,21.69,5.4,1666.77,0.7,8.21
71.294626,-156.702102,2017,7,218,6.37,5.4,1703.82,0.7,8.03
71.294626,-156.702102,2017,8,218,2.1,5,1777.82,0.7,7.92
71.294626,-156.702102,2017,9,218,-9999,4.8,1747.8,0.7,7.86
71.294626,-156.702102,2017,10,218,-9999,4.3,1868.57,0.7,7.85
71.294626,-156.702102,2017,11,218,-9999,4.1,1999.1,0.7,8.01
71.294626,-156.702102,2017,12,218,0.87,4,2122.22,0.7,8.37
71.294626,-156.702102,2017,13,218,4.4,4,2129.88,0.7,8.59
71.294626,-156.702102,2017,14,218,14.32,4.1,1997.12,0.7,8.77
71.294626,-156.702102,2017,15,218,37.94,4.1,1795.09,0.7,9.19
71.294626,-156.702102,2017,16,218,75.38,4.5,1649.88,0.7,9.33
71.294626,-156.702102,2017,17,218,104.51,5,1572.49,0.7,9.36
71.294626,-156.702102,2017,18,218,200.55,5.2,1552.34,0.7,9.49
71.294626,-156.702102,2017,19,218,321.89,5.8,1519.96,0.7,9.54
71.294626,-156.702102,2017,20,218,222.99,5.8,1471.31,0.7,9.47
71.294626,-156.702102,2017,21,218,160.45,5.9,1437.58,0.7,9.33
71.294626,-156.702102,2017,22,218,152.19,6.1,1446.07,0.7,9.11
71.294626,-156.702102,2017,23,218,182.2,6.3,1508.72,0.7,8.81
71.294626,-156.702102,2017,0,219,95.26,6.2,1547.61,1,8.56
71.294626,-156.702102,2017,1,219,161.12,6.3,1578.86,1,8.37
71.294626,-156.702102,2017,2,219,141.29,6.5,1571.93,1,8.12
71.294626,-156.702102,2017,3,219,88.87,6.4,1593.2,1,7.92
71.294626,-156.702102,2017,4,219,61.05,6.3,1628.89,1,7.74
71.294626,-156.702102,2017,5,219,46.18,6.3,1628.71,1,7.54
71.294626,-156.702102,2017,6,219,15.7,6.2,1645.76,1,7.38
71.294626,-156.702102,2017,7,219,2.53,6.1,1645.03,1,7.24
71.294626,-156.702102,2017,8,219,-9999,5.8,1615.78,1,7.16
71.294626,-156.702102,2017,9,219,-9999,5.7,1592.11,1,7.14
71.294626,-156.702102,2017,10,219,-9999,5.7,1549.06,1,7.15
71.294626,-156.702102,2017,11,219,-9999,5.6,1534.97,1,7.27
71.294626,-156.702102,2017,12,219,-9999,5.3,1519.05,1,7.43
71.294626,-156.702102,2017,13,219,4.29,5.2,1505.8,1,7.58
71.294626,-156.702102,2017,14,219,10.26,5.2,1486.22,1,7.68
71.294626,-156.702102,2017,15,219,30.45,5.3,1488.08,1,7.83
71.294626,-156.702102,2017,16,219,50.98,5.4,1493.73,1,8.07
71.294626,-156.702102,2017,17,219,63.31,5.5,1462.26,1,8.22
71.294626,-156.702102,2017,18,219,110.02,5.7,1438.39,1,8.31
71.294626,-156.702102,2017,19,219,123.14,6,1406.66,1,8.3
71.294626,-156.702102,2017,20,219,133.23,6.1,1395.1,1,8.27
71.294626,-156.702102,2017,21,219,122.52,6.1,1394.55,1,8.22
71.294626,-156.702102,2017,22,219,90.99,6.2,1378.76,1,8.14
71.294626,-156.702102,2017,23,219,160.55,6.5,1399.89,1,8.01
71.294626,-156.702102,2017,0,220,129.29,6.6,1492.66,0,7.84
71.294626,-156.702102,2017,1,220,110.02,6.7,1546.59,0,7.71
71.294626,-156.702102,2017,2,220,56.78,6.6,1570.94,0,7.6
71.294626,-156.702102,2017,3,220,56.65,6.6,1583.13,0,7.48
71.294626,-156.702102,2017,4,220,48.39,6.7,1581.35,0,7.39
71.294626,-156.702102,2017,5,220,36.36,6.6,1554.24,0,7.31
71.294626,-156.702102,2017,6,220,15.34,6.5,1521.31,0,7.23
71.294626,-156.702102,2017,7,220,11.05,6.5,1524.11,0,7.19
71.294626,-156.702102,2017,8,220,6.66,6.6,1548.77,0,7.22
71.294626,-156.702102,2017,9,220,2.04,6.5,1558.93,0,7.95
71.294626,-156.702102,2018,11,205,17.47,8.79,1033.51,0,-9999
71.294626,-156.702102,2018,12,205,30.59,8.89,1310.54,0,12.47
71.294626,-156.702102,2018,13,205,37.53,9.7,1382.06,0,13.31
71.294626,-156.702102,2018,14,205,75.33,9.72,1513.65,0,14.2
71.294626,-156.702102,2018,15,205,112.81,11.29,1630.44,0,15.19
71.294626,-156.702102,2018,16,205,101.1,11.58,1697.76,0,15.81
71.294626,-156.702102,2018,17,205,129.14,11.91,1628.57,0,16.17
71.294626,-156.702102,2018,18,205,170.86,12.88,1485.44,0,16.31
71.294626,-156.702102,2018,19,205,222.32,13.4,1341.92,0,16.16
71.294626,-156.702102,2018,20,205,384.02,13.04,1234.66,0,15.96
71.294626,-156.702102,2018,21,205,425.87,13.85,1149.84,0,15.49
71.294626,-156.702102,2018,22,205,533.21,15.38,1067.8,0,14.74
71.294626,-156.702102,2018,23,205,-9999,15.64,1048.85,0,13.98
71.294626,-156.702102,2018,0,206,-9999,15.2,1053.89,0,13.27
71.294626,-156.702102,2018,1,206,-9999,14.53,1126.49,0,12.5
71.294626,-156.702102,2018,2,206,300.33,14.59,1115.91,0,11.82
71.294626,-156.702102,2018,3,206,286.56,14.12,1099.66,0,11.15
71.294626,-156.702102,2018,4,206,246.9,-9999,1081.46,0,10.5
71.294626,-156.702102,2018,5,206,105.04,-9999,1073.57,0,9.92
71.294626,-156.702102,2018,6,206,68.23,-9999,1137.29,0,9.3
71.294626,-156.702102,2018,7,206,18.48,-9999,1106.05,0,8.81
71.294626,-156.702102,2018,8,206,12.99,6.81,1068.84,0,8.43
71.294626,-156.702102,2018,9,206,8.88,4.1,1026.19,0,8.16
71.294626,-156.702102,2018,10,206,8.58,2.93,937.09,0,8.01
71.294626,-156.702102,2018,11,206,18.65,2.5,874,0,7.83
71.294626,-156.702102,2018,12,206,20.64,2.73,848.37,0,7.78
71.294626,-156.702102,2018,13,206,26,2.8,850.28,0,7.84
71.294626,-156.702102,2018,14,206,33.92,2.46,788.56,0,7.96
71.294626,-156.702102,2018,15,206,54.72,2.3,735.81,0,8.01
71.294626,-156.702102,2018,16,206,68.69,2.6,708.42,0,8.09
71.294626,-156.702102,2018,17,206,99.68,2.94,681.12,0,8.21
71.294626,-156.702102,2018,18,206,110.18,3.41,660.69,0,8.28
71.294626,-156.702102,2018,19,206,95.21,-9999,634.49,0,8.27
71.294626,-156.702102,2018,20,206,119.64,-9999,613.49,0,8.16
71.294626,-156.702102,2018,21,206,153.14,-9999,601.13,0,8.01
71.294626,-156.702102,2018,22,206,170.81,-9999,593.96,0,7.79
71.294626,-156.702102,2018,23,206,157.52,-9999,591.88,0,7.57
71.294626,-156.702102,2018,0,207,142.41,5.37,605.19,3.81,7.32
71.294626,-156.702102,2018,1,207,153.87,5.59,636.65,3.81,7.1
71.294626,-156.702102,2018,2,207,114.85,5.88,647.3,3.81,6.89
71.294626,-156.702102,2018,3,207,96.29,5.99,674.26,3.81,6.71
71.294626,-156.702102,2018,4,207,59.79,5.82,696.88,3.81,6.54
71.294626,-156.702102,2018,5,207,39.56,5.5,705.35,3.81,6.4
71.294626,-156.702102,2018,6,207,26.78,5.16,740.45,3.81,6.29
71.294626,-156.702102,2018,7,207,20.23,4.83,762.24,3.81,6.27
71.294626,-156.702102,2018,8,207,13.94,4.54,774.99,3.81,6.27
71.294626,-156.702102,2018,9,207,9.82,4.08,786.14,3.81,6.44
71.294626,-156.702102,2018,10,207,11.6,3.74,806.06,3.81,6.71
71.294626,-156.702102,2018,11,207,9.91,3.9,821.28,3.81,7.07
71.294626,-156.702102,2018,12,207,17.14,3.8,842.91,3.81,7.42
71.294626,-156.702102,2018,13,207,34.27,3.87,854.22,3.81,7.65
71.294626,-156.702102,2018,14,207,35.35,3.81,862.23,3.81,7.92
71.294626,-156.702102,2018,15,207,40.16,4.09,861.11,3.81,8.07
71.294626,-156.702102,2018,16,207,84.73,4.36,857.6,3.81,8.16
71.294626,-156.702102,2018,17,207,141.5,4.74,855.63,3.81,8.18
71.294626,-156.702102,2018,18,207,154.43,4.81,856.99,3.81,8.26
71.294626,-156.702102,2018,19,207,173.15,4.85,861.71,3.81,8.38
71.294626,-156.702102,2018,20,207,-9999,4.9,863.85,3.81,8.33
71.294626,-156.702102,2018,21,207,-9999,4.83,863.53,3.81,8.24
71.294626,-156.702102,2018,22,207,-9999,5.07,878.99,3.81,8.09
71.294626,-156.702102,2018,23,207,-9999,4.47,874.87,3.81,7.87
71.294626,-156.702102,2018,0,208,85.78,4.3,857.37,3.3,7.59
71.294626,-156.702102,2018,1,208,97.44,4.21,850.45,3.3,7.24
71.294626,-156.702102,2018,2,208,117.21,4.16,867.5,3.3,6.96
71.294626,-156.702102,2018,3,208,80.24,4.04,884.26,3.3,6.75
71.294626,-156.702102,2018,4,208,66.64,3.63,945.94,3.3,6.53
71.294626,-156.702102,2018,5,208,33.29,3.26,948.25,3.3,6.39
71.294626,-156.702102,2018,6,208,18.18,2.89,943.33,3.3,6.18
71.294626,-156.702102,2018,7,208,11.08,2.85,927.26,3.3,6.12
71.294626,-156.702102,2018,8,208,7.82,2.33,901.11,3.3,6.11
71.294626,-156.702102,2018,9,208,9.57,2.34,879.97,3.3,6.19
71.294626,-156.702102,2018,10,208,8.15,2.4,868.04,3.3,6.42
71.294626,-156.702102,2018,11,208,6.23,2.64,848.35,3.3,6.74
71.294626,-156.702102,2018,12,208,10.26,2.48,834.79,3.3,7.19
71.294626,-156.702102,2018,13,208,26.13,2.58,818.02,3.3,7.58
71.294626,-156.702102,2018,14,208,47.2,2.36,799.11,3.3,7.78
71.294626,-156.702102,2018,15,208,70.53,2.72,778.38,3.3,7.89
71.294626,-156.702102,2018,16,208,96.72,2.82,760.8,3.3,8.09
71.294626,-156.702102,2018,17,208,148,3.16,747.91,3.3,8.26
71.294626,-156.702102,2018,18,208,194.54,3.38,729.31,3.3,8.15
71.294626,-156.702102,2018,19,208,225.71,4.26,714.79,3.3,8
71.294626,-156.702102,2018,20,208,-9999,5.17,705.41,3.3,7.94
71.294626,-156.702102,2018,21,208,-9999,5.2,703.57,3.3,7.82
71.294626,-156.702102,2018,22,208,-9999,4.21,710.84,3.3,7.69
71.294626,-156.702102,2018,23,208,-9999,4.08,721.09,3.3,7.59
71.294626,-156.702102,2018,0,209,211.22,4.61,731.9,7.87,7.49
71.294626,-156.702102,2018,1,209,104.01,4.85,749.01,7.87,7.42
71.294626,-156.702102,2018,2,209,68.31,4.47,766.53,7.87,7.38
71.294626,-156.702102,2018,3,209,87.27,4.66,788.62,7.87,7.38
71.294626,-156.702102,2018,4,209,45.11,5.56,807.91,7.87,7.45
71.294626,-156.702102,2018,5,209,24.3,5.82,818.82,7.87,7.59
71.294626,-156.702102,2018,6,209,13.33,6.08,818.77,7.87,7.82
71.294626,-156.702102,2018,7,209,12.19,6.42,841.7,7.87,8.24
71.294626,-156.702102,2018,8,209,11.06,6.71,860.85,7.87,8.38
71.294626,-156.702102,2018,9,209,7.1,7.27,890.68,7.87,8.41
71.294626,-156.702102,2018,10,209,6.76,7.58,926.87,7.87,8.55
71.294626,-156.702102,2018,11,209,7.46,8.24,976.63,7.87,8.72
71.294626,-156.702102,2018,12,209,8.44,9.31,1034.39,7.87,9.11
71.294626,-156.702102,2018,13,209,9.18,10.11,1057.39,7.87,9.46
71.294626,-156.702102,2018,14,209,13.63,11.17,1078.5,7.87,9.79
71.294626,-156.702102,2018,15,209,27.26,11.3,1091.44,7.87,9.97
71.294626,-156.702102,2018,16,209,41.46,9.1,1085.62,7.87,10.12
71.294626,-156.702102,2018,17,209,65.7,8.49,1098.78,7.87,10.32
71.294626,-156.702102,2018,18,209,110.93,8.27,1107.87,7.87,10.36
71.294626,-156.702102,2018,19,209,172.43,7.55,1126.18,7.87,10.36
71.294626,-156.702102,2018,20,209,220.55,7.09,1222.62,7.87,10.54
71.294626,-156.702102,2018,21,209,200.27,6.73,1172.75,7.87,10.75
71.294626,-156.702102,2018,22,209,152.02,6.88,1100.73,7.87,10.66
71.294626,-156.702102,2018,23,209,123.91,6.91,1071.48,7.87,10.52
71.294626,-156.702102,2018,0,210,125.36,7.06,1058.26,1.02,10.26
71.294626,-156.702102,2018,1,210,144.21,7.3,1077.17,1.02,9.98
71.294626,-156.702102,2018,2,210,176.84,8.1,1091.69,1.02,9.74
71.294626,-156.702102,2018,3,210,73.76,7.64,1129.48,1.02,9.53
71.294626,-156.702102,2018,4,210,67.05,7.1,1168.63,1.02,9.39
71.294626,-156.702102,2018,5,210,51.05,7.67,1210.21,1.02,9.29
71.294626,-156.702102,2018,6,210,27.23,8.73,1265.75,1.02,9.28
71.294626,-156.702102,2018,7,210,31.43,9.18,1301.26,1.02,9.38
71.294626,-156.702102,2018,8,210,19.34,8.6,1336.85,1.02,9.6
71.294626,-156.702102,2018,9,210,9.65,8.68,1370.13,1.02,10
71.294626,-156.702102,2018,10,210,7.62,8.44,1400.9,1.02,10.45
71.294626,-156.702102,2018,11,210,9.85,8.9,1430.43,1.02,11.03
71.294626,-156.702102,2018,12,210,20.24,9.28,1453.43,1.02,11.8
71.294626,-156.702102,2018,13,210,25.71,10.11,1469.63,1.02,12.87
71.294626,-156.702102,2018,14,210,54.44,10.59,1550.92,1.02,14.17
71.294626,-156.702102,2018,15,210,95.64,11.38,1758.71,1.02,15.28
71.294626,-156.702102,2018,16,210,162.52,11.92,1976.97,1.02,15.85
71.294626,-156.702102,2018,17,210,162.22,12.79,2166.83,1.02,15.97
71.294626,-156.702102,2018,18,210,196.85,13.49,2330.89,1.02,15.63
71.294626,-156.702102,2018,19,210,297.97,14.46,2534.2,1.02,15.96
71.294626,-156.702102,2018,20,210,383.06,15.93,2980.78,1.02,16.05
71.294626,-156.702102,2018,21,210,507.37,17.95,3104.15,1.02,16.15
71.294626,-156.702102,2018,22,210,508.68,18.86,3180.54,1.02,15.99
71.294626,-156.702102,2018,23,210,507.25,18.98,3214.15,1.02,16.22
71.294626,-156.702102,2018,0,211,475.76,18.8,3199.17,1.02,15.97
71.294626,-156.702102,2018,1,211,438.66,18.41,3169.13,1.02,15.69
71.294626,-156.702102,2018,2,211,371.59,18.19,3296.97,1.02,15.48
71.294626,-156.702102,2018,3,211,328.64,15.89,4157.09,1.02,14.76
71.294626,-156.702102,2018,4,211,234.67,16.9,4818.71,1.02,14.61
71.294626,-156.702102,2018,5,211,100.19,16.62,4568.39,1.02,14.52
71.294626,-156.702102,2018,6,211,37.46,15.19,4073.55,1.02,14.43
71.294626,-156.702102,2018,7,211,16.74,16.36,3255.86,1.02,14.32
71.294626,-156.702102,2018,8,211,15.23,15.36,3502.86,1.02,14.07
71.294626,-156.702102,2018,9,211,8.63,14.31,3250.99,1.02,13.98
71.294626,-156.702102,2018,10,211,7.24,14.08,2840.74,1.02,14.08
71.294626,-156.702102,2018,11,211,8.1,13.94,2704.87,1.02,14.11
71.294626,-156.702102,2018,12,211,11.09,12.76,2671.35,1.02,14.2
71.294626,-156.702102,2018,13,211,14.99,13.29,2577.01,1.02,14.41
71.294626,-156.702102,2018,14,211,26.22,13.56,2667.03,1.02,14.42
71.294626,-156.702102,2018,15,211,36.59,11.68,2607.57,1.02,14.33
71.294626,-156.702102,2018,16,211,37.05,11.99,2351.82,1.02,14.29
71.294626,-156.702102,2018,17,211,51.94,12.78,2083.77,1.02,14.3
71.294626,-156.702102,2018,18,211,58.92,13.85,1851.73,1.02,14.25
71.294626,-156.702102,2018,19,211,63,14.54,1696.7,1.02,14.04
71.294626,-156.702102,2018,20,211,75.81,-9999,1623.07,1.02,13.78
71.294626,-156.702102,2018,21,211,114.11,-9999,1604.74,1.02,13.4
71.294626,-156.702102,2018,22,211,145.95,-9999,1600.63,1.02,12.98
71.294626,-156.702102,2018,23,211,166.42,-9999,1602.91,1.02,12.56
71.294626,-156.702102,2018,0,212,162.96,13.26,1579.07,0,12.21
71.294626,-156.702102,2018,1,212,228.66,13.24,1598.06,0,11.88
71.294626,-156.702102,2018,2,212,170.46,11.85,1750.26,0,11.48
71.294626,-156.702102,2018,3,212,131.79,10.43,2152.2,0,11.06
71.294626,-156.702102,2018,4,212,109.65,9.44,2316.34,0,10.75
71.294626,-156.702102,2018,5,212,61.4,7.96,2339.5,0,10.51
71.294626,-156.702102,2018,6,212,46.29,6.83,2498.88,0,10.18
71.294626,-156.702102,2018,7,212,26.38,5.83,2513.94,0,9.99
71.294626,-156.702102,2018,8,212,11.46,4.83,2398.15,0,10.02
71.294626,-156.702102,2018,9,212,9.17,4.55,2230.23,0,10.21
71.294626,-156.702102,2018,10,212,9.84,4.38,2114.07,0,10.47
71.294626,-156.702102,2018,11,212,12.53,4.59,2006.91,0,10.73
71.294626,-156.702102,2018,12,212,14.5,4.41,1963.73,0,11.12
71.294626,-156.702102,2018,13,212,25.7,4.49,1946.73,0,11.4
71.294626,-156.702102,2018,14,212,19.76,4.87,1892.08,0,11.74
71.294626,-156.702102,2018,15,212,70.46,5.49,1853.95,0,12.08
71.294626,-156.702102,2018,16,212,108.15,5.58,1793.45,0,12.11
71.294626,-156.702102,2018,17,212,175.87,5.79,1727.37,0,12.06
71.294626,-156.702102,2018,18,212,167.19,6.05,1654.31,0,11.94
71.294626,-156.702102,2018,19,212,236.74,7.2,1602.05,0,12.08
71.294626,-156.702102,2018,20,212,187.29,7.2,1568.09,0,12.05
71.294626,-156.702102,2018,21,212,232.55,7.2,1526.47,0,11.83
71.294626,-156.702102,2018,22,212,267.5,7.03,1484.94,0,11.47
71.294626,-156.702102,2018,23,212,206.97,7.07,1466.6,0,10.98
71.294626,-156.702102,2018,0,213,145.65,6.38,1487.57,1.02,10.49
71.294626,-156.702102,2018,1,213,115.09,6.41,1527.59,1.02,10.04
71.294626,-156.702102,2018,2,213,162.92,6.26,1557.93,1.02,9.61
71.294626,-156.702102,2018,3,213,274.95,6.59,1571.86,1.02,9.27
71.294626,-156.702102,2018,4,213,131.67,6.03,1527.57,1.02,8.96
71.294626,-156.702102,2018,5,213,82.33,5.89,1525.32,1.02,8.64
71.294626,-156.702102,2018,6,213,44.24,5.24,1494.52,1.02,8.36
71.294626,-156.702102,2018,7,213,32.01,4.99,1480.75,1.02,8.11
71.294626,-156.702102,2018,8,213,12.34,4.81,1466.91,1.02,7.9
71.294626,-156.702102,2018,9,213,7.52,4.55,1436.39,1.02,7.77
71.294626,-156.702102,2018,10,213,6.41,4.79,1394.86,1.02,7.68
71.294626,-156.702102,2018,11,213,6.76,4.93,1374.74,1.02,7.67
71.294626,-156.702102,2018,12,213,10.3,4.26,1326.38,1.02,7.79
71.294626,-156.702102,2018,13,213,14.42,4.14,1325.11,1.02,7.97
71.294626,-156.702102,2018,14,213,23.08,3.77,1302.53,1.02,8.15
71.294626,-156.702102,2018,15,213,35.77,3.81,1270.91,1.02,8.38
71.294626,-156.702102,2018,16,213,44.08,3.42,1234.1,1.02,8.58
71.294626,-156.702102,2018,17,213,71.27,3.19,1168.48,1.02,8.65
71.294626,-156.702102,2018,18,213,94.25,3.2,1098.81,1.02,8.54
71.294626,-156.702102,2018,19,213,140.49,3.11,1039.47,1.02,8.4
71.294626,-156.702102,2018,20,213,-9999,3.03,967.47,1.02,8.09
71.294626,-156.702102,2018,21,213,-9999,3.08,921.1,1.02,7.79
71.294626,-156.702102,2018,22,213,-9999,3.04,900.24,1.02,7.52
71.294626,-156.702102,2018,23,213,-9999,2.9,872.18,1.02,7.03
71.294626,-156.702102,2018,0,214,246.91,-9999,850.35,0,6.55
71.294626,-156.702102,2018,1,214,152.24,-9999,848.42,0,6.13
71.294626,-156.702102,2018,2,214,164.11,-9999,865.54,0,5.87
71.294626,-156.702102,2018,3,214,114.62,-9999,875.44,0,5.46
71.294626,-156.702102,2018,4,214,97.33,1.03,876.76,0,5.03
71.294626,-156.702102,2018,5,214,117.37,0.69,871.58,0,4.65
71.294626,-156.702102,2018,6,214,70.96,0.2,861.15,0,4.23
71.294626,-156.702102,2018,7,214,23.19,-0.4,852.82,0,4.14
71.294626,-156.702102,2018,8,214,11.38,-0.54,845.24,0,4
71.294626,-156.702102,2018,9,214,7.18,-0.52,838.41,0,4
71.294626,-156.702102,2018,10,214,6.68,-0.78,816.47,0,4.19
71.294626,-156.702102,2018,11,214,7.25,-0.77,512.83,0,-9999
71.294626,-156.702102,2018,12,214,11.8,-0.74,624.84,0,-9999
71.294626,-156.702102,2018,13,214,18.65,-0.66,485.07,0,-9999
